#CODE GEOPOST;pltri;service mark;FAMILLE GEO ;service text;description produit;PRODUIT CHRONOPOST;NAT OU INTER;parstictise jour;CDB13 O N;PRECOCE;MULTICOLIS fr;instance poste;SAC o OU n;SUFFIXE;CODE fact;libel25;CODE EXP;SERVICE ELEMENT2;libelle fa;ON;;
#;;;;;;;;;;;;;;;;;;;;;;
179;S9..;.;21;AM1.............;Chrono10...........;O;N;SE;O;O;O;O;N;EE;2;10H.......;2;;Chrono 10.....;P;1;
182;SAS9;.;21;AM1-6...........;Chrono10 SAMEDI....;O;N;VE;O;O;O;O;N;EE;2;SA10......;602;;Chrono 10.....;O;2;
179;LUS9;.;21;AM1.............;Chrono10 LUNDI.....;S;N;VE;O;O;O;O;N;EE;2;LU10......;102;;Chrono 10.....;O;3;
802;PG..;.;..;PG-NO...........;PROGRAMME..........;S;N;SE;O;O;O;O;N;PG;20;PG........;20;;PROGRAMME.....;P;4;
803;SAPG;.;..;PG-6-NO.........;PROGRAMME SAMEDI...;S;N;VE;O;O;O;O;N;PG;20;SAPG......;620;;PROGRAMME.....;O;5;
802;LUPG;.;..;PG-NO...........;PROGRAMME LUNDI....;S;N;VE;O;O;O;O;N;PG;20;LUPG......;120;;PROGRAMME.....;O;6;
802;PG..;.;..;PG-NO...........;PROGRAMME..........;S;N;SE;O;O;O;O;N;PG;20;PG........;20;;PROGRAMME.....;P;804;
803;SAPG;.;..;PG-6-NO.........;PROGRAMME SAMEDI...;S;N;VE;O;O;O;O;N;PG;20;SAPG......;620;;PROGRAMME.....;O;805;
802;LUPG;.;..;PG-NO...........;PROGRAMME LUNDI....;S;N;VE;O;O;O;O;N;PG;20;LUPG......;120;;PROGRAMME.....;O;806;
802;PG..;.;..;PG-NO...........;PROGRAMME..........;S;N;SE;O;O;O;O;N;PG;20;PG........;20;;PROGRAMME.....;P;1604;
803;SAPG;.;..;PG-6-NO.........;PROGRAMME SAMEDI...;S;N;VE;O;O;O;O;N;PG;20;SAPG......;620;;PROGRAMME.....;O;1605;
802;LUPG;.;..;PG-NO...........;PROGRAMME LUNDI....;S;N;VE;O;O;O;O;N;PG;20;LUPG......;120;;PROGRAMME.....;O;1606;
801;PG..;.;..;RB..............;RETRAIT BUREAU.....;O;N;SE;O;O;O;O;N;RB;0;RB........;0;;Retrait bureau;P;7;
845;SAPG;.;..;RB-6............;RETRAIT BUR SAMEDI.;O;N;VE;O;O;O;N;N;RB;0;SARB......;600;;Retrait bureau;O;8;
801;LUPG;.;..;RB..............;RETRAIT BUR LUNDI..;S;N;VE;O;O;O;N;N;RB;0;LURB......;100;;Retrait bureau;O;9;
226;12H.;.;22;AM2.............;Chrono13...........;O;N;SE;O;N;O;O;N;FR;1;13H.......;1;;Chrono 13.....;P;999;
229;SA12;.;22;AM2-6...........;Chrono13 SAMEDI....;O;N;VE;O;N;O;O;N;FR;1;SA13......;601;;Chrono 13.....;O;999;
226;LU12;.;22;AM2.............;Chrono13 LUNDI.....;S;N;VE;O;N;O;O;N;FR;1;LU13......;101;;Chrono 13.....;O;999;
899;12H.;.;22;AM2.............;Chrono13...........;O;N;SE;O;N;O;O;N;FR;1;13H.......;1;;Chrono 13.....;P;11;
897;SA12;.;22;AM2-6...........;Chrono13 SAMEDI....;O;N;VE;O;N;O;O;N;FR;1;SA13......;601;;Chrono 13.....;O;12;
899;LU12;.;22;AM2.............;Chrono13 LUNDI.....;S;N;VE;O;N;O;O;N;FR;1;LU13......;101;;Chrono 13.....;O;13;
920;12H.;.;22;AM2-COD-NO......;REP NO.............;O;N;SE;O;N;N;O;N;AA;9;C13 REP...;9;;REP NO........;P;14;
921;SA12;.;22;AM2-6-COD-NO....;REP SAMEDI NO......;O;N;VE;O;N;N;O;N;AA;9;SA 13 REP.;609;;REP NO........;O;15;
920;LU12;.;22;AM2-COD-NO......;REP LUNDI NO.......;S;N;VE;O;N;N;O;N;AA;9;LU 13 REP.;109;;REP NO........;O;16;
237;INT.;.;22;AM2-COD.........;REP................;O;I;SE;N;N;N;O;N;AA;9;REP INT...;9;;REP...........;P;17;
237;INT.;.;22;AM2-COD.........;REP................;O;I;VE;N;N;N;O;N;AA;9;REP INT...;9;;REP...........;O;18;
237;INT.;.;22;AM2-COD.........;REP................;S;I;VE;N;N;N;O;N;AA;9;REP INT...;9;;REP...........;O;19;
237;12H.;.;22;AM2-COD.........;REP................;O;N;SE;N;N;N;O;N;AA;9;REP INT...;9;;REP...........;P;999;
830;18H.;.;10;PM2.............;Chrono18...........;O;N;SE;O;N;O;O;N;JB;16;18H.......;16;;Chrono 18.....;P;21;
832;SA18;.;10;PM2-6...........;Chrono18 SAMEDI....;O;N;VE;O;N;O;O;N;JB;16;SA18......;616;;Chrono 18.....;O;22;
830;LU18;.;10;PM2.............;Chrono18 LUNDI.....;S;N;VE;O;N;O;O;N;JB;16;LU18......;116;;Chrono 18.....;O;23;
302;INT.;E;30;IE2.............;INTER EXPRESS......;O;I;SE;O;N;O;O;N;FR;17;EXP INT...;17;;Chrono Express;P;41;
304;INT.;.;30;IE2-6...........;INTER EXPRESS SAM..;O;I;VE;O;N;O;O;N;FR;17;EXP INT SA;617;;CHRONO Express;P;999;
304;SA12;.;30;IE2-6...........;INTER EXPRESS SAM..;O;N;VE;O;N;O;O;N;FR;17;EXP INT SA;617;;CHRONO Express;P;42;
314;IPM.;E;31;IE1.............;PREMIUM EUROPE.....;O;I;SE;O;N;O;O;N;EE;37;PRE INT...;37;;Chrono Premium;P;31;
340;INT.;E;30;IE2 PALLET......;FRET DOM...........;O;I;SE;O;N;O;O;N;FR;3S;EXP PAL...;37;;Chrono FRET DO;P;44;
101;DPD.;.;1;D...............;INTER CLASSIC NORM.;O;I;SE;O;N;O;O;N;JF;44;COM INT...;44;;Chrono Classic;P;51;
136;DPD.;X;1;D...............;INTER CLASSIC KLEIN;O;I;SE;O;N;O;O;N;JF;44;COM INT...;44;;Chrono Classic;O;52;
337;DPD.;R;1;D-B2C-PSD.......;CHRONO RELAIS EUR N;O;I;SE;O;N;O;O;N;JF;49;REL EUR...;49;;Chrono relais ;P;53;
338;DPD.;R;1;D-B2C-PSD.......;CHRONO RELAIS EUR..;O;I;SE;O;N;O;O;N;JF;49;REL EUR...;49;;Chrono relais ;O;54;
337;18H.;R;1;D-B2C-PSD.......;CHRONO RELAIS EUR N;O;N;SE;O;N;O;O;N;JF;49;REL EUR...;49;;Chrono relais ;P;999;
338;18H.;R;1;D-B2C-PSD.......;CHRONO RELAIS EUR..;O;N;SE;O;N;O;O;N;JF;49;REL EUR...;49;;Chrono relais ;O;999;
155;DPD.;.;1;PM2.............;GUARANTEE..........;O;I;SE;O;N;O;O;O;JF;44;COM INT GU;44;;CHRONO CLASSIC;P;999;
406;12H.;.;22;AM2-SWAP........;SWAP13.............;S;N;SE;O;N;O;O;N;FR;1O;SWAP 13...;39;;SWAP 13.......;P;9111;A01
407;SA12;.;22;AM2-SWAP-6......;SWAP13 SAMEDI......;S;N;VE;O;N;O;O;N;FR;1O;SA SWAP 13;639;;SWAP 13.......;O;9112;A01
406;LU12;.;22;AM2-SWAP........;SWAP13 LUNDI.......;S;N;VE;O;N;O;O;N;FR;1O;LU SWAP 13;139;;SWAP 13.......;O;9113;A01
243;12H.;.;22;AM2-SWAP........;SWAP13.............;S;N;SE;O;N;O;O;N;FR;1O;SWAP 13...;39;;SWAP 13.......;P;111;
245;SA12;.;22;AM2-SWAP-6......;SWAP13 SAMEDI......;S;N;VE;O;N;O;O;N;FR;1O;SA SWAP 13;639;;SWAP 13.......;O;112;
243;LU12;.;22;AM2-SWAP........;SWAP13 LUNDI.......;S;N;VE;O;N;O;O;N;FR;1O;LU SWAP 13;139;;SWAP 13.......;O;113;
837;18H.;.;10;PM2-SWAP-NO.....;SWAP18 COMFORT.....;S;N;SE;N;N;N;O;N;JB;1P;SWAP 18...;40;;SWAP 18.......;P;121;
836;SA18;.;10;PM2-SWAP-6-NO...;SWAP18 SAMEDI......;S;N;VE;N;N;N;O;N;JB;1P;SA SWAP 18;640;;SWAP 18.......;O;122;
837;LU18;.;10;PM2-SWAP-NO.....;SWAP18 LUNDI.......;S;N;VE;N;N;N;O;N;JB;1P;LU SWAP 18;140;;SWAP 18.......;O;123;
243;12H.;.;22;AM2-SWAP........;SWAP13.............;S;N;SE;O;N;O;O;N;FR;2H;SWAP 13...;39;;SWAP 13 RET PA;P;114;
245;SA12;.;22;AM2-SWAP-6......;SWAP13 SAMEDI......;S;N;VE;O;N;O;O;N;FR;2H;SA SWAP 13;639;;SWAP 13 RET PA;O;115;
243;LU12;.;22;AM2-SWAP........;SWAP13 LUNDI.......;S;N;VE;O;N;O;O;N;FR;2H;LU SWAP 13;139;;SWAP 13 RET PA;O;116;
837;18H.;.;10;PM2-SWAP-NO.....;SWAP18 COMFORT.....;S;N;SE;N;N;N;O;N;JB;2K;SWAP 18...;40;;SWAP 18 RET PA;P;124;
836;SA18;.;10;PM2-SWAP-6-NO...;SWAP18 SAMEDI......;S;N;VE;N;N;N;O;N;JB;2K;SA SWAP 18;640;;SWAP 18 RET PA;O;125;
837;LU18;.;10;PM2-SWAP-NO.....;SWAP18 LUNDI.......;S;N;VE;N;N;N;O;N;JB;2K;LU SWAP 18;140;;SWAP 18 RET PA;O;126;
806;S9..;.;21;AM1-CS-NO.......;MED 1 10H..........;S;N;SE;O;O;O;N;N;EE;8A;MED 10H...;80;;SANTE 1 10....;P;201;
807;SAS9;.;21;AM1-6-CS-NO.....;MED 1 SAMEDI 10H...;S;N;VE;O;O;O;N;N;EE;8A;MED SA10..;680;;SANTE 1 10....;O;202;
806;LUS9;.;21;AM1-CS-NO.......;MED 1 LUNDI 10H....;S;N;VE;O;O;O;N;N;EE;8A;MED LU10..;180;;SANTE 1 10....;O;203;
819;12H.;.;22;AM2-CS-NO.......;MED 1 13H..........;S;N;SE;O;N;O;N;N;FR;8B;MED 13H...;80;;SANTE 1 13....;P;211;
822;SA12;.;22;AM2-6-CS-NO.....;MED 1 SAMEDI 13H...;S;N;VE;O;N;O;N;N;FR;8B;MED SA13..;680;;SANTE 1 13....;O;212;
819;LU12;.;22;AM2-CD-NO.......;MED 1 LUNDI 13H....;S;N;VE;O;N;O;N;N;FR;8B;MED LU13..;181;;SANTE 1 13....;O;213;
828;18H.;.;10;PM2-CS-NO.......;MED 1 18H..........;S;N;SE;O;N;O;N;N;JB;8C;MED 18H...;82;;SANTE 1 18....;P;221;
829;SA18;.;10;PM2-6-C11-CS-NO.;MED 1 SAMEDI 18H...;S;N;VE;O;N;O;N;N;JB;8C;MED SA18..;682;;SANTE 1 18....;O;222;
828;LU18;.;10;PM2-C11-CS-NO...;MED 1 LUNDI 18H....;S;N;VE;O;N;O;N;N;JB;8C;MED LU18..;182;;SANTE 1 18....;O;223;
804;S9..;.;21;AM1-CS-NO.......;MED FRI 10H........;S;N;SE;O;O;O;N;N;EE;8D;MED FRI 10H;83;;SANTE 2 10..;P;251;
805;SAS9;.;21;AM1-6-CS-NO.....;MED FRI SAMEDI 10H.;S;N;VE;O;O;O;N;N;EE;8D;ME FRI SA10;683;;SANTE 2 10..;O;252;
817;12H.;.;22;AM2-CS-NO.......;MED FRI 13H........;S;N;SE;O;N;O;N;N;FR;8E;MED FRI 13H;84;;SANTE 2 13..;P;261;
818;SA12;.;22;AM2-6-CS-NO.....;MED FRI SAMEDI 13H.;S;N;VE;O;N;O;N;N;FR;8E;ME FRI SA13;684;;SANTE 2 13..;O;262;
846;18H.;.;10;PM2-CD-NO.......;MED FRI 18H........;S;N;SE;O;N;O;N;N;JB;8F;MED FRI 18H;85;;SANTE 2 18..;P;271;
847;SA18;.;10;PM2-6-CD-NO.....;MED FRI SAMEDI.18H.;S;N;VE;O;N;O;N;N;JB;8F;ME FRI SA18;685;;SANTE 2 18..;O;272;
878;12H.;.;22;AM2-HAZ-CS-NO...;MED 3 13H..........;S;N;SE;N;N;O;N;N;FR;8G;HAZ 13H....;74;;SANTE 3 13....;P;301;
878;LU12;.;22;AM2-HAZ-CS-NO...;MED 3 LUNDI 13H....;S;N;VE;N;N;O;N;N;FR;8G;MED LU13...;174;;SANTE 3 13....;P;303;
878;12H.;.;22;AM2-HAZ-CS-NO...;MED 3 13H..........;S;N;SE;N;N;O;N;N;FR;8G;HAZ 13H....;74;;SANTE 3 13....;P;311;
878;LU12;.;22;AM2-HAZ-CS-NO...;MED 3 LUNDI 13H....;S;N;VE;N;N;O;N;N;FR;8G;MED LU13...;174;;SANTE 3 13....;P;313;
826;18H.;.;10;PM2-HAZ-CS-NO...;MED 3 18H..........;S;N;SE;N;N;O;N;N;JB;8H;HAZ 18H....;87;;SANTE 3 18....;P;321;
826;LU18;.;10;PM2-HAZ-CS-NO...;MED 3 LUNDI 18H....;S;N;VE;N;N;O;N;N;JB;8H;HAZ LU18...;187;;SANTE 3 18....;O;323;
879;12H.;.;22;AM2-HAZ-CS-NO...;MED FRI 13H........;S;N;SE;N;N;O;N;N;FR;8I;MED FRI 13H;75;;SANTE 4 13..;P;351;
881;SA12;.;22;AM2-HAZ-6-CS-NO.;MED FRI SA 13H.....;S;N;VE;N;N;O;N;N;FR;8I;ME FRI SA13;675;;SANTE 4 13..;P;352;
879;12H.;.;22;AM2-HAZ-CS-NO...;MED FRI 13H........;S;N;SE;N;N;O;N;N;FR;8I;MED FRI 13H;75;;SANTE 4 13..;P;361;
881;SA12;.;22;AM2-HAZ-6-CS-NO.;MED FRI SA 13H.....;S;N;VE;N;N;O;N;N;FR;8I;ME FRI SA13;675;;SANTE 4 13..;P;362;
827;18H.;.;10;PM2-HAZ-CS-NO...;MED FRI 18H........;S;N;SE;N;N;O;N;N;JB;8J;MED FRI 18H;89;;SANTE 4 18..;P;371;
880;SA18;.;10;PM2-HAZ-6-CS-NO.;MED FRI SA 18H.....;S;N;SE;N;N;O;N;N;JB;8J;ME FRI SA18;689;;SANTE 4 18..;P;372;
868;12H.;R;22;AM2-SHOP-NO.....;SENSIBLE PR........;S;N;SE;N;N;O;0;N;FR;50;SEC 13H REL;50;;SECU 13 REL;P;999;
869;SA12;R;22;AM2-6-SHOP-NO...;SENSIBLE SA PR.....;S;N;VE;N;N;O;N;N;FR;50;SEC SA1 REL;650;;SECU SA13 REL;O;999;
868;LU12;R;22;AM2-SHOP-NO.....;SENSIBLE LU PR.....;S;N;VE;N;N;O;N;N;FR;50;SEC LU1 REL;150;;SECU LU13 REL;O;999;
870;12H.;.;22;AM2-NO..........;SENSIBLE 13H.......;S;N;SE;N;N;O;0;N;FR;51;SECU 13H...;51;;SECU 13....;P;999;
871;SA12;.;22;AM2-6-NO........;SENSIBLE SA 13H....;S;N;VE;N;N;O;N;N;FR;51;SECU SA13..;651;;SECU SA13..;O;999;
870;LU12;.;22;AM2-NO..........;SENSIBLE LU 13H....;S;N;VE;N;N;O;N;N;FR;f51;SECU LU13.;151;;SECU LU13..;O;999;
872;18H.;.;10;PM2-NO..........;SENSIBLE 18H.......;S;N;SE;N;N;O;0;N;JB;53;SECU 18H...;53;;SECU 18....;P;999;
873;SA18;.;10;PM2-6-NO........;SENSIBLE SA 18H....;S;N;VE;N;N;O;N;N;JB;53;SECU SA18..;653;;SECU SA18..;O;999;
872;LU18;.;10;PM2-NO..........;SENSIBLE LU 18H....;S;N;VE;N;N;O;N;N;JB;53;SECU LU18..;153;;SECU LU18..;O;999;
874;S9..;.;21;AM1-NO..........;PERISSABLE 10H.....;S;N;SE;N;O;O;N;N;EE;1K;PERI 10H...;18;;PERISSABLE ...;P;421;
875;SAS9;.;21;AM1-6-NO........;PERISSABLE SA10....;S;N;VE;N;O;O;N;N;EE;1K;PERI SA10..;618;;PERISSABLE SA.;O;422;
874;LUS9;.;21;AM1-NO..........;PERISSABLE LU10....;S;N;VE;N;O;O;N;N;EE;1K;PERI LU10..;118;;PERISSABLE LU.;O;423;
820;12H.;.;22;AM2-NO..........;PERISSABLE 13H.....;S;N;SE;N;N;O;N;N;FR;78;PERI 13H...;78;;PERISSABLE ...;P;431;
821;SA12;.;22;AM2-6-NO........;PERISSABLE SA13....;S;N;VE;N;N;O;N;N;FR;78;PERI SA13..;678;;PERISSABLE SA.;O;432;
820;LU12;.;22;AM2-NO..........;PERISSABLE LU13....;S;N;VE;N;N;O;N;N;FR;78;PERI LU13..;178;;PERISSABLE LU.;O;433;
862;18H.;.;10;PM2-NO..........;FTT 18H IP INTERDIT;S;N;SE;O;N;O;N;N;JB;1L;18H........;30;;CHRONO 18 NO..;P;999;
863;SA18;.;10;PM2-6-NO........;FTT 18H IP INTERDIT;S;N;VE;O;N;O;N;N;JB;1L;SA18.......;630;;CHRONO 18 NO..;O;999;
862;LU18;.;10;PM2-NO..........;FTT 18H IP INTERDIT;S;N;VE;O;N;O;N;N;JB;1L;LU18.......;130;;CHRONO 18 NO..;O;999;
864;12H.;.;22;AM2-HAZ-NO......;Chrono 13 dangereux;S;N;SE;N;N;O;N;N;FR;1M;HAZ 13H....;32;;DANGEREUX 13..;P;376;
865;SA12;.;22;AM2-HAZ-6-NO....;Chrono 13 dangereux;S;N;VE;N;N;O;N;N;FR;1M;HAZ SA13...;632;;DANGEREUX 13..;O;377;
864;LU12;.;22;AM2-HAZ-NO......;Chrono 13 dangereux;S;N;VE;N;N;O;N;N;FR;1M;HAZ LU13...;132;;DANGEREUX 13..;O;378;
864;12H.;.;22;AM2-HAZ-NO......;Chrono 13 dangereux;S;N;SE;N;N;O;N;N;FR;1M;HAZ 13H....;32;;DANGEREUX 13..;P;386;
865;SA12;.;22;AM2-HAZ-6-NO....;Chrono 13 dangereux;S;N;VE;N;N;O;N;N;FR;1M;HAZ SA13...;632;;DANGEREUX 13..;O;387;
864;LU12;.;22;AM2-HAZ-NO......;Chrono 13 dangereux;S;N;VE;N;N;O;N;N;FR;1M;HAZ LU13...;132;;DANGEREUX 13..;O;388;
866;18H.;.;10;PM2-HAZ-NO......;Chrono 18 dangereux;S;N;SE;N;N;O;N;N;JB;1N;HAZ 18H....;34;;DANGEREUX 18..;P;396;
867;SA18;.;10;PM2-HAZ-6-NO....;Chrono 18 dangereux;S;N;VE;N;N;O;N;N;JB;1N;HAZ SA18...;634;;DANGEREUX 18..;O;397;
866;LU18;.;10;PM2-HAZ-NO......;Chrono 18 dangereux;S;N;VE;N;N;O;N;N;JB;1N;HAZ LU18...;134;;DANGEREUX 18..;O;398;
809;R12.;.;22;AM2-ROAD........;CLASSIC ROAD.......;S;N;SE;O;N;O;O;N;FR;1W;R13........;70;;CLASSIC ROAD.;P;411;
810;SAR.;.;22;AM2-6-ROAD......;CLASSIC ROAD SAM...;S;N;VE;O;N;O;O;N;FR;1W;SAR........;670;;CLASSIC ROAD.;O;412;
809;LUR.;.;22;AM2-ROAD........;CLASSIC ROAD LUN...;S;N;VE;O;N;O;O;N;FR;1W;LUR........;170;;CLASSIC ROAD.;O;413;
180;S9..;.;21;AM1-NO..........;PREMIUM NO.........;S;N;SE;O;O;O;N;N;EE;1U;10H........;61;;.............;P;801;
183;SAS9;.;21;AM1-6-NO........;PREMIUM SAMEDI NO..;S;N;VE;O;O;O;N;N;EE;1U;SA10.......;661;;.............;O;802;
180;LUS9;.;21;AM1-NO..........;PREMIUM LUNDI NO...;S;N;VE;O;O;O;N;N;EE;1U;LU10.......;161;;.............;O;803;
225;12H.;.;22;AM2-NO..........;CLASSIC NO.........;S;N;SE;O;N;O;N;N;FR;60;13H........;60;;.............;P;999;
228;SA12;.;22;AM2-6-NO........;CLASSIC SAMEDI NO..;S;N;VE;O;N;O;N;N;FR;60;SA13.......;660;;.............;O;999;
225;LU12;.;22;AM2-NO..........;CLASSIC LUNDI NO...;S;N;VE;O;N;O;N;N;FR;60;LU13.......;160;;.............;O;999;
898;12H.;.;22;AM2-NO..........;CLASSIC NO.........;S;N;SE;O;N;O;N;N;FR;1S;13H........;60;;.............;P;811;
896;SA12;.;22;AM2-6-NO........;CLASSIC SAMEDI NO..;S;N;VE;O;N;O;N;N;FR;1S;SA13.......;660;;.............;O;812;
898;LU12;.;22;AM2-NO..........;CLASSIC LUNDI NO...;S;N;VE;O;N;O;N;N;FR;1S;LU13.......;160;;.............;O;813;
835;18H.;.;10;PM2-NO..........;COMFORT NPO........;S;N;SE;O;N;O;N;N;JB;1V;18H........;62;;.............;P;821;
834;SA18;.;10;PM2-6-NO........;COMFORT SAMEDI NO..;S;N;VE;O;N;O;N;N;JB;1V;SA18.......;662;;.............;O;822;
835;LU18;.;10;PM2-NO..........;COMFORT LUNDI NO...;S;N;VE;O;N;O;N;N;JB;1V;LU18.......;162;;.............;O;823;
835;18H.;.;10;PM2-NO..........;RETOUR CRESA PAYANT;S;S;SE;O;N;O;N;N;JB;2C;18H........;62;;RETOUR CRESA.;P;999;
811;12H.;.;22;AM2-PDP-NO......;PAS DE PORTE CLA...;S;N;SE;N;N;O;N;N;FR;1F;13H........;7;;.............;P;861;
812;SA12;.;22;AM2-6-PDP-NO....;PDP CLASSIC SAM....;S;N;VE;N;N;O;N;N;FR;1F;SA13.......;607;;.............;O;862;
811;LU12;.;22;AM2-PDP-NO......;PDP CLASSIC LUN....;S;N;VE;N;N;O;N;N;FR;1F;LU13.......;107;;.............;O;863;
823;18H.;.;10;PM2-PDP-NO......;PDP COMFORT COM....;S;N;SE;N;N;O;N;N;JB;1G;18H........;8;;.............;P;871;
824;SA18;.;10;PM2-PDP-6-NO....;PDP COMFORT SAM....;S;N;VE;N;N;O;N;N;JB;1G;SA18.......;608;;.............;O;872;
823;LU18;.;10;PM2-PDP-NO......;PDP COMFORT LUN....;S;N;VE;N;N;O;N;N;JB;1G;LU18.......;108;;.............;O;873;
406;12H.;.;22;AM2-BAL.........;CLASSIC BAL........;S;N;SE;O;N;O;O;N;FR;58;13H........;58;;.............;O;9900;A13
407;SA12;.;22;AM2-6-BAL.......;CLASSIC BAL SAMEDI.;S;N;VE;O;N;O;O;N;FR;58;SA13.......;658;;.............;O;9902;A13
406;LU12;.;22;AM2-BAL.........;CLASSIC BAL........;S;N;VE;O;N;O;O;N;FR;58;LU13.......;158;;.............;O;9901;A13
813;12H.;.;22;AM2-BAL.........;CLASSIC BAL........;S;N;SE;O;N;O;O;N;FR;58;13H........;58;;.............;O;900;
814;SA12;.;22;AM2-6-BAL.......;CLASSIC BAL SAMEDI.;S;N;VE;O;N;O;O;N;FR;58;SA13.......;658;;.............;O;901;
813;LU12;.;22;AM2-BAL.........;CLASSIC BAL........;S;N;VE;O;N;O;O;N;FR;58;LU13.......;158;;.............;O;902;
404;S9..;.;21;AM1-BAL.........;10 H BAL...........;S;N;SE;O;O;O;O;N;EE;3D;10H........;58;;.............;O;9999;A13
405;SAS9;.;21;AM1-6-BAL.......;10 H BAL SAMEDI....;S;N;VE;O;O;O;O;N;EE;3D;SA10.......;658;;.............;O;9999;A13
404;LUS9;.;21;AM1-BAL.........;10 H BAL LUNDI.....;S;N;VE;O;O;O;O;N;EE;3D;LU10.......;158;;.............;O;9999;A13
953;S9..;.;21;AM1-BAL.........;10 H BAL...........;S;N;SE;O;O;O;O;N;EE;3D;10H........;58;;.............;O;999;
954;SAS9;.;21;AM1-6-BAL.......;10 H BAL SAMEDI....;S;N;VE;O;O;O;O;N;EE;3D;SA10.......;658;;.............;O;999;
953;LUS9;.;21;AM1-BAL.........;10 H BAL LUNDI.....;S;N;VE;O;O;O;O;N;EE;3D;LU10.......;158;;.............;O;999;
403;18H.;.;10;PM2-BAL.........;COMFORT BAL........;S;N;SE;O;N;O;O;N;JB;2L;18H........;58;;.............;O;9906;A13
925;SA18;.;10;PM2-6-BAL.......;COMFORT BAL SAMEDI.;S;N;VE;O;N;O;O;N;JB;2L;SA18.......;658;;.............;O;9907;
403;LU18;.;10;PM2-BAL.........;COMFORT BAL........;S;N;VE;O;N;O;O;N;JB;2L;LU18.......;158;;.............;O;9908;A13
924;18H.;.;10;PM2-BAL.........;COMFORT BAL........;S;N;SE;O;N;O;O;N;JB;2L;18H........;58;;.............;O;906;
925;SA18;.;10;PM2-6-BAL.......;COMFORT BAL SAMEDI.;S;N;VE;O;N;O;O;N;JB;2L;SA18.......;658;;.............;O;907;
924;LU18;.;10;PM2-BAL.........;COMFORT BAL........;S;N;VE;O;N;O;O;N;JB;2L;LU18.......;158;;.............;O;908;
930;18H.;.;10;PM2-BAL.........;COMFORT BAL........;S;N;SE;O;N;O;O;N;JB;2M;18H........;58;;.............;O;999;
931;SA18;.;10;PM2-6-BAL.......;COMFORT BAL SAMEDI.;S;N;VE;O;N;O;O;N;JB;2M;SA18.......;658;;.............;O;999;
930;LU18;.;10;PM2-BAL.........;COMFORT BAL........;S;N;VE;O;N;O;O;N;JB;2M;LU18.......;158;;.............;O;999;
406;12H.;.;22;AM2-WSHOP.......;CLASSIC INS POPR...;S;N;SE;O;N;O;O;N;FR;2J;13H........;58;;.............;O;9986;A23
407;SA12;.;22;AM2-6-WSHOP.....;CLASSIC INS POPR SA;S;N;VE;O;N;O;O;N;FR;2J;SA13.......;658;;.............;O;9987;A23
406;LU12;.;22;AM2-WSHOP.......;CLASSIC INS POPR...;S;N;VE;O;N;O;O;N;FR;2J;LU13.......;158;;.............;O;9988;A23
933;12H.;.;22;AM2-WSHOP.......;CLASSIC INS POPR...;S;N;SE;O;N;O;O;N;FR;2J;13H........;58;;.............;O;86;
934;SA12;.;22;AM2-6-WSHOP.....;CLASSIC INS POPR SA;S;N;VE;O;N;O;O;N;FR;2J;SA13.......;658;;.............;O;87;
933;LU12;.;22;AM2-WSHOP.......;CLASSIC INS POPR...;S;N;VE;O;N;O;O;N;FR;2J;LU13.......;158;;.............;O;88;
935;12H.;.;22;AM2-WRAP-NO.....;CLASSIC WRAP.......;S;N;SE;O;N;O;O;N;FR;3J;13H........;58;;ZENGO ALLER..;O;999;
936;SA12;.;22;AM2-6-WRAP-NO...;CLASSIC WRAP SA....;S;N;VE;O;N;O;O;N;FR;3J;SA13.......;658;;ZENGO ALLER S;O;999;
935;LU12;.;22;AM2-WRAP-NO.....;CLASSIC WRAP.......;S;N;VE;O;N;O;O;N;FR;3J;LU13.......;58;;ZENGO ALLER L;O;999;
937;12H.;R;22;AM2-SHOP-WRAP...;CLASSIC WRAP SHOP..;S;N;SE;O;N;O;O;N;FR;3K;13H REL....;58;;ZENGO RET....;O;561;
938;SA12;R;22;AM2-6-SHOP-WRAP.;CLASSIC WRAP SHOP S;S;N;VE;O;N;O;O;N;FR;3K;SA REL.....;658;;ZENGO RET SA.;O;562;
937;LU12;R;22;AM2-SHOP-WRAP...;CLASSIC WRAP SHOP..;S;N;VE;O;N;O;O;N;FR;3K;LU REL.....;58;;ZENGO RET LU.;O;563;
939;ZJ..;.;22;SD-RD...........;RDV J..............;S;N;SE;O;N;O;O;N;MJ;3L;RDV JOUR...;58;;.............;O;999;
940;ZS..;.;22;SD2-RDV.........;RDV SOIREE J.......;S;N;SE;O;N;O;O;N;MJ;3M;RDV SOIR...;58;;.............;O;999;
941;S9..;V;21;AM0-RDV.........;RDV ...............;S;N;SE;O;O;O;O;N;RV;3N;RDV 8......;58;;.............;O;451;
942;S9..;V;21;AM0-6-RDV.......;RDV SAMEDI.........;S;N;VE;O;O;O;O;N;PV;3N;RDV SA8....;58;;.............;O;452;
941;S9..;V;21;AM0-RDV.........;RDV ...............;S;N;VE;O;O;O;O;N;RV;3N;RDV 8......;58;;.............;O;453;
943;Z13.;V;22;AM2-RDV.........;RDV 13 H...........;S;N;SE;O;N;O;O;N;RV;3O;RDV 13.....;58;;.............;O;461;
944;SZ13;V;22;AM2-6-RDV.......;RDV SAMEDI 13H.....;S;N;VE;O;N;O;O;N;RV;3O;RDV SA13...;658;;.............;O;462;
943;LZ13;V;22;AM2-RDV.........;RDV LUNDI 13H......;S;N;VE;O;N;O;O;N;RV;3O;RDV 13.....;58;;.............;O;463;
945;Z18.;V;10;PM2-RDV.........;RDV 18 H...........;S;N;SE;O;N;O;O;N;RV;3P;RDV 18.....;58;;.............;O;471;
946;SZ18;V;10;PM2-6-RDV.......;RDV SAMEDI 18H.....;S;N;VE;O;N;O;O;N;RV;3P;RDV SA18...;658;;.............;O;472;
945;LZ18;V;10;PM2-RDV.........;RDV LUNDI 18H......;S;N;VE;O;N;O;O;N;RV;3P;RDV 18.....;58;;.............;O;473;
947;ZJ..;.;22;SD2-RD2-SWAP....;SWAP SAME DAY RDV..;S;N;SE;O;N;O;O;N;MJ;3V;SWAP JOUR J;58;;.............;O;999;
425;ZS..;V;22;PM3-RDV2-SWAP...;SWAP RDV 18H 22H...;S;N;SE;O;N;O;O;N;MJ;3W;SWAP RDV...;58;;.............;O;9999;A01
948;ZS..;V;22;PM3-RDV2-SWAP...;SWAP RDV 18H 22H...;S;N;SE;O;N;O;O;N;MJ;3W;SWAP RDV...;58;;.............;O;999;
949;Z13.;V;22;AM0-RDV2-SWAP...;SWAP RDV 8H 10H....;S;N;SE;O;N;O;O;N;RV;3W;SWAP RDV...;58;;.............;O;461;
950;SZ13;V;22;AM0-6-RDV-SWAP..;SWAP RDV SA 8H 10H.;S;N;VE;O;N;O;O;N;RV;3W;SWAP RDV SA;658;;.............;O;462;
949;LZ13;V;22;AM0-RDV-SWAP....;SWAP RDV 8H 10H....;S;N;VE;O;N;O;O;N;RV;3W;SWAP RDV...;58;;.............;O;463;
951;Z18.;V;10;AM2-RDV-SWAP....;SWAP RDV 10 18.....;S;N;SE;O;N;O;O;N;RV;3W;SWAP RDV...;58;;.............;O;471;
952;SZ18;V;10;AM2-6-RDV-SWAP..;SWAP RDV 10 18 SAM.;S;N;VE;O;N;O;O;N;RV;3W;SWAP RDV SA;658;;.............;O;472;
951;LZ18;V;10;AM2-RDV-SWAP....;SWAP RDV 10 18.....;S;N;VE;O;N;O;O;N;RV;3W;SWAP RDV...;58;;.............;O;473;
815;12H.;.;22;AM2-PUP-NO......;CLASSIC PUP........;S;N;SE;N;N;O;O;N;FR;1Y;13H........;72;;.............;O;903;
816;SA12;.;22;AM2-6-PUP-NO....;CLASSIC PUP SAMEDI.;S;N;VE;N;N;O;O;N;FR;1Y;SA13.......;672;;.............;O;904;
815;LU12;.;22;AM2-PUP-NO......;CLASSIC PUP LUNDI..;S;N;VE;N;N;O;O;N;FR;1Y;LU13.......;172;;.............;O;905;
831;18H.;.;10;PM2-MSP.........;COMFORT MPS........;S;N;SE;O;N;O;O;N;JB;16;18H........;16;;.............;O;999;
833;SA18;.;10;PM2-MSP-6.......;COMFORT MPS SAMEDI.;S;N;VE;O;N;O;O;N;JB;16;SA18.......;616;;.............;O;999;
831;LU18;.;10;PM2-MPS.........;COMFORT MSP LUNDI..;S;N;VE;O;N;O;O;N;JB;16;LU18.......;116;;.............;O;999;
839;S9..;.;21;AM1-MPS.........;PREMIUM MPS........;S;N;SE;O;O;O;O;N;EE;2;10H........;2;;.............;O;999;
838;SAS9;.;21;AM1-6-MPS.......;PREMIUM MPS SAMEDI.;S;N;VE;O;O;O;O;N;EE;2;SA10.......;602;;.............;O;999;
841;12H.;.;22;AM2-MPS.........;CLASSIC MPS........;S;N;SE;O;N;O;O;N;FR;1;13H........;1;;.............;O;999;
840;SA12;.;22;AM2-6-MPS.......;CLASSIC MPS........;S;N;VE;O;N;O;O;N;FR;1;SA13.......;601;;.............;O;999;
430;12H.;.;22;RETURN-AM1......;RETOUR PREMIUM.....;O;N;SE;O;N;O;O;N;JB;2;RETURN.....;2;;.............;O;911;
431;12H.;.;22;RETURN-AM1......;RETOUR CLASSIC.....;O;N;SE;O;N;O;O;N;JB;1;RETURN.....;1;;.............;O;912;
432;18H.;.;10;RETURN-AM3......;RETOUR COMFORT.....;O;N;SE;O;N;O;O;N;JB;16;RETURN.....;16;;.............;O;913;
842;12H.;.;22;RETURN-AM1......;RETOUR PREMIUM.....;O;N;SE;O;N;O;O;N;JB;2;RETURN.....;2;;.............;O;911;
843;12H.;.;22;RETURN-AM1......;RETOUR CLASSIC.....;O;N;SE;O;N;O;O;N;JB;1;RETURN.....;1;;.............;O;912;
844;18H.;.;10;RETURN-AM3......;RETOUR COMFORT.....;O;N;SE;O;N;O;O;N;JB;16;RETURN.....;16;;.............;O;913;
994;12H.;A;22;AM2-RETURN-FRESH;RETOUR FRAIS.......;O;N;SE;O;N;O;O;N;VF;2R;RETURN FRES;555;;.............;O;999;
995;12H.;A;22;AM2-RETURN-FREES;RETOUR CONGELE.....;O;N;SE;O;N;O;O;N;VF;2S;RETUR FRESS;555;;.............;O;999;
808;12H.;.;CET;AM2-CET-NO.....;CET CLASSIC........;S;N;SE;O;N;O;O;N;FR;2G;CET........;52;;.............;P;46;
848;12H.;R;22;AM2-SH0P-NO.....;CHRONO RELAIS......;S;N;SE;O;N;N;N;N;FR;86;13H REL....;86;;Chrono Relais;P;915;
849;SA12;R;22;AM2-6-SH0P-NO...;CHRONO RELAIS SAME.;S;N;VE;O;N;N;N;N;FR;86;SA13 REL...;686;;ChronI Relais;O;916;
848;LU12;R;22;AM2-SH0P-NO.....;CHRONO RELAIS......;S;N;VE;O;N;N;N;N;FR;86;LU13 REL...;186;;Chrono Relais;O;917;
372;S374;R;22;AM2-6-SH0P-NO...;COLIPOSTE..........;S;N;VE;O;N;N;N;N;FR;86;SA13 REL...;686;;CLP Relais...;O;999;
373;S374;.;10;RETURN-AM3......;RETOUR COLIPOST....;O;N;SE;O;N;O;O;N;JB;16;RETURN.....;16;;Return clp...;O;999;
374;S374;.;10;RETURN-AM3......;RETOUR COLIPOST BTC;O;N;SE;O;N;O;O;N;JB;16;RETURN.....;16;;return clp b.;O;999;
850;12H.;R;22;AM2-ECH-SHOP-NO.;SWAP COMFORT A2PAS.;S;N;SE;O;N;N;N;N;FR;90;13H REL ECH;90;;SWAP A2PAS  .;P;918;
825;SA12;R;22;AM2-6-ECH-SHOP-NO;SWAP COMFORT A2P..;S;N;VE;O;N;N;N;N;FR;90;SA13 REL ECH;690;;SWAP A2PAS .;O;919;
850;LU12;R;22;AM2-ECH-SHOP-NO.;SWAP COMFORT A2PAS.;S;N;VE;O;N;N;N;N;FR;90;LU13 REL ECH;190;;SWAP A2PAS .;O;920;
850;12H.;R;22;AM2-ECH-SHOP-NO.;SWAP COMFORT A2PAS.;S;N;SE;O;N;N;N;N;FR;2I;13H REL ECH.;90;;SWAP RET PA.;P;922;
825;SA12;R;22;AM2-6-ECH-SHOP-NO;SWAP COMFORT A2P..;S;N;VE;O;N;N;N;N;FR;2I;SA13 REL ECH;690;;SWAP RET PA.;O;923;
850;LU12;R;22;AM2-ECH-SHOP-NO.;SWAP COMFORT A2PAS.;S;N;VE;O;N;N;N;N;FR;2I;LU13 REL ECH;190;;SWAP RET PA.;O;924;
851;12H.;R;22;AM2-STAND-SHOP-NO;CONSIGNE A2PAS....;S;N;SE;O;N;N;N;N;FR;91;DIR REL....;91;;ECHANGE TABAC;P;921;
852;R12.;.;22;AM2-ROAD-NO.....;CLASSIC ROAD NO....;S;N;SE;O;N;O;N;N;FR;1X;R13........;71;;CLASSIC ROAD.;P;414;
853;SAR.;.;22;AM2-6-ROAD-NO...;CLASSIC ROAD NPO SA;S;N;VE;O;N;O;N;N;FR;1X;SAR........;671;;CLASSIC ROAD.;P;415;
852;LUR.;.;22;AM2-ROAD-NO.....;CLASSIC ROAD NPO LU;S;N;VE;O;N;O;N;N;FR;1X;LUR........;171;;CLASSIC ROAD.;P;416;
406;12H.;.;22;AM2-PO..........;CLASSIC PO.........;S;N;SE;O;N;O;N;N;FR;93;13H........;93;;CHRONOPOST13.;O;9818;A27
407;SA12;.;22;AM2-6-PO........;CLASSIC SAMEDI PO..;S;N;VE;O;N;O;N;N;FR;93;SA13.......;693;;CHRONOPOST13.;O;9819;A27
406;LU12;.;22;AM2-PO..........;CLASSIC PO LU......;S;N;VE;O;N;O;N;N;FR;93;LU13.......;193;;CHRONOPOST13.;O;9820;A27
855;12H.;.;22;AM2-PO..........;CLASSIC PO.........;S;N;SE;O;N;O;N;N;FR;93;13H........;93;;CHRONOPOST13.;O;818;
854;SA12;.;22;AM2-6-PO........;CLASSIC SAMEDI PO..;S;N;VE;O;N;O;N;N;FR;93;SA13.......;693;;CHRONOPOST13.;O;819;
855;LU12;.;22;AM2-PO..........;CLASSIC PO LU......;S;N;VE;O;N;O;N;N;FR;93;LU13.......;193;;CHRONOPOST13.;O;820;
856;R12.;.;22;AM2-ROAD-NO.....;CLASSIC ROAD.......;S;N;SE;O;N;O;N;N;FR;94;R13........;94;;ROAD.........;O;999;
857;SAR.;.;22;AM2-6-ROAD-NO...;CLASSIC ROAD SA....;S;N;VE;O;N;O;N;N;FR;94;SAR........;694;;ROAD.........;O;999;
856;LUR.;.;22;AM2-ROAD-NO.....;CLASSIC ROAD LU....;S;N;VE;O;N;O;N;N;FR;94;LUR........;194;;ROAD.........;O;999;
858;18H.;.;10;PM2-NO..........;COMFORT NP.........;S;N;SE;O;N;O;N;N;JB;96;18H........;96;;COMFORT......;O;999;
859;SA18;.;10;PM2-6-NO........;COMFORT NP SAMEDI..;S;N;VE;O;N;O;N;N;JB;96;18H........;696;;COMFORT......;O;999;
858;LU18;.;10;PM2-NO..........;COMFORT NP LUNDI...;S;N;VE;O;N;O;N;N;JB;96;LU18.......;196;;COMFORT......;O;999;
860;R12.;.;22;AM2-ROAD-NO.....;CLASSIC ROAD.......;S;N;SE;O;N;O;N;N;FR;98;R13........;98;;ROAD.........;O;999;
861;SAR.;.;22;AM2-ROAD-6-NO...;CLASSIC ROAD SA....;S;N;VE;O;N;O;N;N;FR;98;SAR........;698;;ROAD.........;O;999;
860;LUR.;.;22;AM2-ROAD-NO.....;CLASSIC ROAD LU....;S;N;VE;O;N;O;N;N;FR;98;LUR........;198;;ROAD.........;O;999;
156;18H.;.;10;EGS1............;EGS1...............;O;.;SE;O;N;N;N;N;JB;16;18H........;16;;.............;P;1000;
289;18H.;.;22;AM2 BOX.........;STANDARD BAG.......;O;.;SE;N;N;N;N;O;KK;16;BOX 18H....;16;;.............;P;1001;
289;DPD.;.;22;AM2 BOX.........;STANDART BAG.......;O;I;SE;O;N;N;N;O;JF;44;BOX INT....;44;;.............;P;999;
290;18H.;.;51;MAIL-BAG........;PARCELL LETTER BAG.;O;.;SE;N;N;N;N;O;JB;16;BOX .......;16;;.............;P;1001;
291;18H.;.;55;IP..............;INTERNAL PARCEL....;O;.;SE;O;N;N;N;N;JB;16;18H........;16;;.............;P;1001;
292;18H.;.;56;NPOD BOX........;???????????????....;O;.;SE;O;N;N;N;N;JB;16;18H........;16;;.............;P;1001;
293;12H.;.;10;PM2 BOX.........;BAG AM2............;O;.;SE;N;N;N;N;O;KK;1;BOX 13H.....;1;;.............;P;1001;
882;10H.;.;..;PG BOX..........;BAG AM1............;O;.;SE;N;O;N;N;O;KK;20;BOX 8H.....;20;;.............;P;1001;
298;DPD.;.;63;RETURN SENDER...;RETURN SENDER......;O;.;SE;O;N;N;N;N;JB;1;RET........;16;;.............;P;1002;
299;DPD.;.;60;RETURN..........;RETURN.............;O;.;SE;O;N;N;N;N;FR;1;RET........;1;;.............;P;1003;
300;DPD.;.;61;RETURN..........;RETURN.............;O;.;SE;O;N;N;N;N;JB;16;RET........;16;;.............;P;1004;
301;DPD.;.;62;RETURN HAZ......;RETURN HAZ.........;O;.;SE;O;N;N;N;N;JB;16;RET........;16;;.............;P;1005;
303;12H.;.;30;IE2 MPS.........;IE2-MPS............;O;.;SE;O;N;N;N;N;FR;1;12H........;1;;.............;P;1006;
305;SA12;.;30;IE2-6-MSP.......;IE2-6-MPS..........;O;.;VE;O;N;N;N;N;FR;1;SA12.......;601;;.............;P;1008;
102;18H.;.;1;D-HAZ...........;D-HAZ..............;T;.;SE;O;N;N;N;N;JB;16;18H........;16;;.............;P;2002;
103;18H.;.;1;D-6.............;D-6................;T;.;VE;O;N;N;N;N;JB;16;18H........;616;;.............;P;2003;
104;18H.;.;1;D-HAZ-6.........;D-6-HAZ............;T;.;VE;O;N;N;N;N;JB;16;18H........;616;;.............;P;2004;
105;18H.;.;1;D-EXW...........;D-EXW..............;T;.;SE;O;N;N;N;N;JB;16;18H........;16;;.............;P;2005;
106;18H.;.;1;D-EXW-HAZ.......;D-EXW-HAZ..........;T;.;SE;O;N;N;N;N;JB;16;18H........;16;;.............;P;2006;
107;18H.;.;1;D-EXW-6.........;D-EXW-6............;T;.;VE;O;N;N;N;N;JB;16;18H........;616;;.............;P;2007;
108;18H.;.;1;D-EXW-HAZ-6.....;D-EXW-6-HAZ........;T;.;VE;O;N;N;N;N;JB;16;18H........;616;;.............;P;2008;
109;18H.;.;1;D-COD...........;D-COD..............;T;.;SE;O;N;N;N;N;JB;16;18H........;16;;.............;P;2009;
110;18H.;.;1;D-COD-HAZ.......;D-COD-HAZ..........;T;.;SE;O;N;N;N;N;JB;16;18H........;16;;.............;P;2010;
111;18H.;.;1;D-COD-6.........;D-COD-6............;T;.;VE;O;N;N;N;N;JB;16;18H........;616;;.............;P;2011;
113;18H.;.;1;D-SWAP..........;D-SWAP.............;T;.;SE;O;N;N;N;N;JB;16;18H........;16;;.............;P;2013;
115;18H.;.;1;D-SWAP-6........;D-SWAP-6...........;T;.;VE;O;N;N;N;N;JB;16;18H........;616;;.............;P;2015;
116;18H.;.;1;D-SWAP-HAZ-6....;D-SWAP-6-HAZ.......;T;.;VE;O;N;N;N;N;JB;16;18H........;616;;.............;P;2016;
117;18H.;.;1;D...............;D..................;T;.;SE;O;N;N;N;N;JB;16;18H........;16;;.............;P;2017;
118;18H.;.;1;D-BACK..........;D-BACK.............;T;.;SE;O;N;N;N;N;JB;16;18H........;16;;.............;P;2018;
119;18H.;.;1;D-HAZ-BACK......;D-HAZ-BACK.........;T;.;SE;O;N;N;N;N;JB;16;18H........;16;;.............;P;2019;
120;18H.;.;1;D+..............;D+.................;T;.;SE;O;N;N;N;N;JB;16;18H........;16;;.............;P;2020;
121;18H.;.;1;D-HAZ+..........;D-HAZ+.............;T;.;SE;O;N;N;N;N;JB;16;18H........;16;;.............;P;2021;
122;18H.;.;1;D-6+............;D-6+...............;T;.;VE;O;N;N;N;N;JB;16;18H........;616;;.............;P;2022;
123;18H.;.;1;D-HAZ-6+........;D-6-HAZ+...........;T;.;VE;O;N;N;N;N;JB;16;18H........;616;;.............;P;2023;
124;18H.;.;1;D-EXW+..........;D-EXW+.............;T;.;SE;O;N;N;N;N;JB;16;18H........;16;;.............;P;2024;
125;18H.;.;1;D-EXW-HAZ+......;D-EXW-HAZ+.........;T;.;SE;O;N;N;N;N;JB;16;18H........;16;;.............;P;2025;
126;18H.;.;1;D-EXW-6+........;D-EXW6-6...........;T;.;VE;O;N;N;N;N;JB;16;18H........;616;;.............;P;2026;
127;18H.;.;1;D-EXW-HAZ+6+....;D-EXW-6-HAZ+.......;T;.;VE;O;N;N;N;N;JB;16;18H........;616;;.............;P;2027;
128;18H.;.;1;D-COD+..........;D-COD+.............;T;.;SE;O;O;N;N;N;JB;16;18H........;16;;.............;P;2028;
129;18H.;.;1;D-COD-HAZ+......;D-COD-HAZ+.........;T;.;SE;O;O;N;N;N;JB;16;18H........;16;;.............;P;2029;
130;18H.;.;1;D-COD-6+........;D-COD-6+...........;T;.;VE;O;O;N;N;N;JB;16;18H........;616;;.............;P;2031;
131;18H.;.;1;D-COD-HAZ+6+....;D-COD-6-HAZ+.......;T;.;VE;O;O;N;N;N;JB;16;18H........;616;;.............;P;2031;
132;18H.;.;1;D-SWAP+.........;D-SWAP+............;T;.;SE;O;N;N;N;N;JB;16;18H........;16;;.............;P;2032;
133;18H.;.;1;D-SWAP-HAZ+.....;D-SWAP-HAZ+........;T;.;SE;O;N;N;N;N;JB;16;18H........;16;;.............;P;2033;
134;18H.;.;1;D-SWAP-6+.......;D-SWAP-6+..........;T;.;VE;O;N;N;N;N;JB;16;18H........;616;;.............;P;2034;
135;18H.;.;1;D-SWAP-HAZ-6....;D-SWAP-6-HAZ+......;T;.;VE;O;N;N;N;N;JB;16;18H........;616;;.............;P;2035;
137;18H.;X;2;D-6.............;SMALL..............;T;.;VE;O;N;N;N;N;JB;16;18H........;616;;.............;P;2037;
138;18H.;X;2;D-EXW...........;SMALL..............;T;.;SE;O;N;N;N;N;JB;16;18H........;16;;.............;P;2038;
139;18H.;X;2;D-EXW-6.........;SMALL..............;T;.;VE;O;N;N;N;N;JB;16;18H........;616;;.............;P;2039;
140;18H.;X;2;D-COD...........;SMALL..............;T;.;SE;O;N;N;N;N;JB;16;18H........;16;;.............;P;2040;
141;18H.;X;2;D-COD-6.........;SMALL..............;T;.;VE;O;N;N;N;N;JB;16;18H........;616;;.............;P;2041;
142;18H.;X;2;D-SWAP..........;SMALL..............;T;.;SE;O;N;N;N;N;JB;16;18H........;16;;.............;P;2042;
143;18H.;X;2;D-SWAP-6........;SMALL..............;T;.;VE;O;N;N;N;N;JB;16;18H........;616;;.............;P;2043;
144;18H.;X;2;D...............;SMALL..............;T;.;SE;O;N;N;N;N;JB;16;18H........;16;;.............;P;2044;
145;18H.;X;2;D-BACK..........;SMALL..............;T;.;SE;O;N;N;N;N;JB;16;18H........;16;;.............;P;2045;
146;18H.;X;2;D+..............;SMALL+.............;T;.;SE;O;N;N;N;N;JB;16;18H........;16;;.............;P;2046;
147;18H.;X;2;D-6+............;SMALL+.............;T;.;VE;O;N;N;N;N;JB;16;18H........;616;;.............;P;2047;
148;18H.;X;2;D-EXW+..........;SMALL+.............;T;.;SE;O;N;N;N;N;JB;16;18H........;16;;.............;P;2048;
149;18H.;X;2;D-EXW-6+........;SMALL+.............;T;.;VE;O;N;N;N;N;JB;16;18H........;616;;.............;P;2049;
150;18H.;X;2;D-COD+..........;SMALL+.............;T;.;SE;O;N;N;N;N;JB;16;18H........;16;;.............;P;2050;
151;18H.;X;2;D-COD-6+........;SMALL+.............;T;.;VE;O;N;N;N;N;JB;16;18H........;616;;.............;P;2051;
152;18H.;X;2;D-SWAP+.........;SMALL+.............;T;.;SE;O;N;N;N;N;JB;16;18H........;16;;.............;P;2052;
153;18H.;X;2;D-SWAP-6+.......;SMALL+.............;T;.;VE;O;N;N;N;N;JB;16;18H........;616;;.............;P;2053;
154;18H.;.;5;PARCELLetter....;PARCELLeller.......;T;.;SE;O;N;N;N;N;JB;16;18H........;16;;.............;P;2054;
155;18H.;.;10;PM2.............;GUARANTEE..........;T;.;SE;O;N;N;N;N;JB;16;DPD UR 18..;16;;DPD UR 18....;P;2055;
157;18H.;.;10;PM2-HAZ.........;GUARANTEE..........;T;.;SE;O;N;N;N;N;JB;16;18H........;16;;.............;P;2057;
158;18H.;.;10;PM2-EXW.........;GUARANTEE..........;T;.;SE;O;N;N;N;N;JB;16;18H........;16;;.............;P;2058;
159;18H.;.;10;PM2-EXW-PO......;GUARANTEE..........;T;.;SE;O;N;N;N;N;JB;16;18H........;16;;.............;P;2059;
160;18H.;.;10;PM2-EXW-HAZ.....;GUARANTEE..........;T;.;SE;O;N;N;O;N;JB;16;18H........;16;;.............;P;2060;
161;18H.;.;10;PM2-COD.........;GUARANTEE..........;T;.;SE;O;N;N;N;N;JB;16;18H........;16;;.............;P;2061;
162;18H.;.;10;PM2-COD-PO......;GUARANTEE..........;T;.;SE;O;N;N;O;N;JB;16;18H........;16;;.............;P;2062;
163;18H.;.;10;PM2-COD-HAZ.....;GUARANTEE..........;T;.;SE;O;N;N;N;N;JB;16;18H........;16;;.............;P;2063;
164;18H.;.;10;PM2-SWAP........;GUARANTEE..........;T;.;SE;O;N;N;N;N;JB;16;18H........;16;;.............;P;2064;
165;18H.;.;10;PM2-SWAP-HAZ....;GUARANTEE..........;T;.;SE;O;N;N;N;N;JB;16;18H........;16;;.............;P;2065;
166;18H.;.;10;PM2-BACK........;GUARANTEE..........;T;.;SE;O;N;N;N;N;JB;16;18H........;16;;.............;P;2066;
167;18H.;.;10;PM2-HAZ-BACK....;GUARANTEE..........;T;.;SE;O;N;N;N;N;JB;16;18H........;16;;.............;P;2067;
168;18H.;.;10;PM2+............;GUARANTEE..........;T;.;SE;O;N;N;O;N;JB;16;18H........;16;;.............;P;2068;
169;18H.;.;10;PM2-PO+.........;GUARANTEE..........;T;.;SE;O;N;N;O;N;JB;16;18H........;16;;.............;P;2069;
170;18H.;.;10;PM2-HAZ+........;GUARANTEE..........;T;.;SE;O;N;N;N;N;JB;16;18H........;16;;.............;P;2070;
171;18H.;.;10;PM2-EXW+........;GUARANTEE..........;T;.;SE;O;N;N;N;N;JB;16;18H........;16;;.............;P;2071;
172;18H.;.;10;PM2-EXW-PO+.....;GUARANTEE..........;T;.;SE;O;N;N;O;N;JB;16;18H........;16;;.............;P;2072;
173;18H.;.;10;PM2-EXW-HAZ+....;GUARANTEE..........;T;.;SE;O;N;N;N;N;JB;16;18H........;16;;.............;P;2073;
174;18H.;.;10;PM2-COD+........;GUARANTEE..........;T;.;SE;O;N;N;N;N;JB;16;18H........;16;;.............;P;2074;
175;18H.;.;10;PM2-COD-PO+.....;GUARANTEE..........;T;.;SE;O;N;N;O;N;JB;16;18H........;16;;.............;P;2075;
176;18H.;.;10;PM2-COD-HAZ+....;GUARANTEE..........;T;.;SE;O;N;N;N;N;JB;16;18H........;16;;.............;P;2076;
177;18H.;.;10;PM2-SWAP+.......;GUARANTEE..........;T;.;SE;O;N;N;N;N;JB;16;18H........;16;;.............;P;2077;
178;18H.;.;10;PM2-SWAP-HAZ+...;GUARANTEE..........;T;.;SE;O;N;N;N;N;JB;16;18H........;16;;.............;P;2078;
181;S9..;.;21;AM1-HAZ.........;EXPRESS 10.........;T;.;SE;O;N;N;N;N;FR;1;13H.........;16;;............;P;2071;
184;S9..;.;21;AM1-6-HAZ.......;EXPRESS 10.........;T;.;SE;O;N;N;N;N;FR;1;13H.........;16;;............;P;2074;
185;S9..;.;21;AM1-EXW.........;EXPRESS 10.........;T;.;SE;O;N;N;N;N;FR;1;13H.........;16;;............;P;2075;
186;S9..;.;21;AM1-EXW-NO......;EXPRESS 10.........;T;.;SE;O;N;N;N;N;FR;1;13H.........;16;;............;P;2076;
187;S9..;.;21;AM1-EXW-HAZ.....;EXPRESS 10.........;T;.;SE;O;N;N;N;N;FR;1;13H.........;16;;............;P;2077;
188;S9..;.;21;AM1-EXW-6.......;EXPRESS 10.........;T;.;SE;O;N;N;N;N;FR;1;13H.........;16;;............;P;2078;
189;S9..;.;21;AM1-EXW-6-NO....;EXPRESS 10.........;T;.;SE;O;N;N;N;N;FR;1;13H.........;16;;............;P;2079;
190;S9..;.;21;AM1-EXW-6-HAZ...;EXPRESS 10.........;T;.;SE;O;N;N;N;N;FR;1;13H.........;16;;............;P;2070;
191;S9..;.;21;AM1-COD.........;EXPRESS 10.........;T;.;SE;O;N;N;N;N;FR;1;13H.........;16;;............;P;2071;
192;S9..;.;21;AM1-COD-NO......;EXPRESS 10.........;T;.;SE;O;N;N;N;N;FR;1;13H.........;16;;............;P;2072;
193;S9..;.;21;AM1-COD-HAZ.....;EXPRESS 10.........;T;.;SE;O;N;N;N;N;FR;1;13H.........;16;;............;P;2073;
194;S9..;.;21;AM1-COD-6.......;EXPRESS 10.........;T;.;SE;O;N;N;N;N;FR;1;13H.........;16;;............;P;2074;
195;S9..;.;21;AM1-COD-6-NO....;EXPRESS 10.........;T;.;SE;O;N;N;N;N;FR;1;13H.........;16;;............;P;2075;
196;S9..;.;21;AM1-COD-6-HAZ...;EXPRESS 10.........;T;.;SE;O;N;N;N;N;FR;1;13H.........;16;;............;P;2076;
197;S9..;.;21;AM1-SWAP........;EXPRESS 10.........;T;.;SE;O;N;N;N;N;FR;1;13H.........;16;;............;P;2077;
198;S9..;.;21;AM1-SWAP-HAZ....;EXPRESS 10.........;T;.;SE;O;N;N;N;N;FR;1;13H.........;16;;............;P;2078;
199;S9..;.;21;AM1-SWAP-6......;EXPRESS 10.........;T;.;SE;O;N;N;N;N;FR;1;13H.........;16;;............;P;2079;
200;S9..;.;21;AM1-SWAP-6-HAZ..;EXPRESS 10.........;T;.;SE;O;N;N;N;N;FR;1;13H.........;16;;............;P;2080;
201;S9..;.;21;AM1-SWAP-BACK...;EXPRESS 10.........;T;.;SE;O;N;N;N;N;FR;1;13H.........;16;;............;P;2081;
202;S9..;.;21;AM1-SWAP-HAZ-BAC;EXPRESS 10.........;T;.;SE;O;N;N;N;N;FR;1;13H.........;16;;............;P;2082;
203;S9..;.;21;AM1+............;EXPRESS 10.........;T;.;SE;O;N;N;N;N;FR;1;13H.........;16;;............;P;2083;
204;S9..;.;21;AM1-NPO+........;EXPRESS 10.........;T;.;SE;O;N;N;N;N;FR;1;13H.........;16;;............;P;2084;
205;S9..;.;21;AM1-HAZ+........;EXPRESS 10.........;T;.;SE;O;N;N;N;N;FR;1;13H.........;16;;............;P;2085;
206;S9..;.;21;AM1-6+..........;EXPRESS 10.........;T;.;SE;O;N;N;N;N;FR;1;13H.........;16;;............;P;2086;
207;S9..;.;21;AM1-6-NPO+......;EXPRESS 10.........;T;.;SE;O;N;N;N;N;FR;1;13H.........;16;;............;P;2087;
208;S9..;.;21;AM1-6-HAZ+......;EXPRESS 10.........;T;.;SE;O;N;N;N;N;FR;1;13H.........;16;;............;P;2088;
209;S9..;.;21;AM1-EXW+........;EXPRESS 10.........;T;.;SE;O;N;N;N;N;FR;1;13H.........;16;;............;P;2089;
210;S9..;.;21;AM1-EXW-NPO+....;EXPRESS 10.........;T;.;SE;O;N;N;N;N;FR;1;13H.........;16;;............;P;2090;
211;S9..;.;21;AM1-EXW-HAZ+....;EXPRESS 10.........;T;.;SE;O;N;N;N;N;FR;1;13H.........;16;;............;P;2091;
212;S9..;.;21;AM1-EXW-6+......;EXPRESS 10.........;T;.;SE;O;N;N;N;N;FR;1;13H.........;16;;............;P;2092;
213;S9..;.;21;AM1-EXW-6-NPO+..;EXPRESS 10.........;T;.;SE;O;N;N;N;N;FR;1;13H.........;16;;............;P;2093;
214;S9..;.;21;AM1-EXW-6-HAZ+..;EXPRESS 10.........;T;.;SE;O;N;N;N;N;FR;1;13H.........;16;;............;P;2094;
215;S9..;.;21;AM1-COD+........;EXPRESS 10.........;T;.;SE;O;N;N;N;N;FR;1;13H.........;16;;............;P;2095;
216;S9..;.;21;AM1-COD-NPO+....;EXPRESS 10.........;T;.;SE;O;N;N;N;N;FR;1;13H.........;16;;............;P;2096;
217;S9..;.;21;AM1-COD-HAZ+....;EXPRESS 10.........;T;.;SE;O;N;N;N;N;FR;1;13H.........;16;;............;P;2097;
218;S9..;.;21;AM1-COD-6+......;EXPRESS 10.........;T;.;SE;O;N;N;N;N;FR;1;13H.........;16;;............;P;2098;
219;S9..;.;21;AM1-COD-6-NPO+..;EXPRESS 10.........;T;.;SE;O;N;N;N;N;FR;1;13H.........;16;;............;P;2099;
220;S9..;.;21;AM1-COD-6-HAZ+..;EXPRESS 10.........;T;.;SE;O;N;N;N;N;FR;1;13H.........;16;;............;P;2090;
221;S9..;.;21;AM1-SWAP+.......;EXPRESS 10.........;T;.;SE;O;N;N;N;N;FR;1;13H.........;16;;............;P;2101;
222;S9..;.;21;AM1-SWAP-HAZ+...;EXPRESS 10.........;T;.;SE;O;N;N;N;N;FR;1;13H.........;16;;............;P;2102;
223;S9..;.;21;AM1-SWAP-6+.....;EXPRESS 10.........;T;.;SE;O;N;N;N;N;FR;1;13H.........;16;;............;P;2103;
224;S9..;.;21;AM1-SWAP-6-HAZ+.;EXPRESS 10.........;T;.;SE;O;N;N;N;N;FR;1;13H.........;16;;............;P;2104;
227;12H.;.;22;AM2-HAZ.........;EXPRESS 12.........;T;.;SE;O;N;N;N;N;FR;1;13H.........;16;;............;P;2107;
230;12H.;.;22;AM2-6-HAZ.......;EXPRESS 12.........;T;.;SE;O;N;N;N;N;FR;1;13H.........;16;;............;P;2110;
231;12H.;.;22;AM2-EXW.........;EXPRESS 12.........;T;.;SE;O;N;N;N;N;FR;1;13H.........;16;;............;P;2111;
232;12H.;.;22;AM2-EXW-NO......;EXPRESS 12.........;T;.;SE;O;N;N;N;N;FR;1;13H.........;16;;............;P;2112;
233;12H.;.;22;AM2-EXW-HAZ.....;EXPRESS 12.........;T;.;SE;O;N;N;N;N;FR;1;13H.........;16;;............;P;2113;
234;12H.;.;22;AM2-EXW-6.......;EXPRESS 12.........;T;.;SE;O;N;N;N;N;FR;1;13H.........;16;;............;P;2114;
235;12H.;.;22;AM2-EXW-6-NO....;EXPRESS 12.........;T;.;SE;O;N;N;N;N;FR;1;13H.........;16;;............;P;2115;
236;12H.;.;22;AM2-EXW-6-HAZ...;EXPRESS 12.........;T;.;SE;O;N;N;N;N;FR;1;13H.........;16;;............;P;2116;
238;12H.;.;22;AM2-COD-NO......;EXPRESS 12.........;T;.;SE;O;N;N;N;N;FR;1;13H.........;16;;............;P;2117;
239;12H.;.;22;AM2-COD-HAZ.....;EXPRESS 12.........;T;.;SE;O;N;N;N;N;FR;1;13H.........;16;;............;P;2119;
241;12H.;.;22;AM2-COD-6-NO....;EXPRESS 12.........;T;.;SE;O;N;N;N;N;FR;1;13H.........;16;;............;P;2120;
242;12H.;.;22;AM2-COD-6-HAZ...;EXPRESS 12.........;T;.;SE;O;N;N;N;N;FR;1;13H.........;16;;............;P;2122;
244;12H.;.;22;AM2-SWAP-HAZ....;EXPRESS 12.........;T;.;SE;O;N;N;N;N;FR;1;13H.........;16;;............;P;2124;
246;12H.;.;22;AM2-SWAP-6-HAZ..;EXPRESS 12.........;T;.;SE;O;N;N;N;N;FR;1;13H.........;16;;............;P;2126;
247;12H.;.;22;AM2-SWAP-BACK...;EXPRESS 12.........;T;.;SE;O;N;N;N;N;FR;1;13H.........;16;;............;P;2127;
248;12H.;.;22;AM2-SWAP-HAZ-BAC;EXPRESS 12.........;T;.;SE;O;N;N;N;N;FR;1;13H.........;16;;............;P;2128;
249;12H.;.;22;AM2+............;EXPRESS 12.........;T;.;SE;O;N;N;N;N;FR;1;13H.........;16;;............;P;2129;
250;12H.;.;22;AM2-NPO+........;EXPRESS 12.........;T;.;SE;O;N;N;N;N;FR;1;13H.........;16;;............;P;2130;
251;12H.;.;22;AM2-HAZ+........;EXPRESS 12.........;T;.;SE;O;N;N;N;N;FR;1;13H.........;16;;............;P;2131;
252;12H.;.;22;AM2-6+..........;EXPRESS 12.........;T;.;SE;O;N;N;N;N;FR;1;13H.........;16;;............;P;2132;
253;12H.;.;22;AM2-6-NPO+......;EXPRESS 12.........;T;.;SE;O;N;N;N;N;FR;1;13H.........;16;;............;P;2133;
254;12H.;.;22;AM2-6-HAZ+......;EXPRESS 12.........;T;.;SE;O;N;N;N;N;FR;1;13H.........;16;;............;P;2134;
255;12H.;.;22;AM2-EXW+........;EXPRESS 12.........;T;.;SE;O;N;N;N;N;FR;1;13H.........;16;;............;P;2135;
256;12H.;.;22;AM2-EXW-NPO+....;EXPRESS 12.........;T;.;SE;O;N;N;N;N;FR;1;13H.........;16;;............;P;2136;
257;12H.;.;22;AM2-EXW-HAZ+....;EXPRESS 12.........;T;.;SE;O;N;N;N;N;FR;1;13H.........;16;;............;P;2137;
258;12H.;.;22;AM2-EXW-6+......;EXPRESS 12.........;T;.;SE;O;N;N;N;N;FR;1;13H.........;16;;............;P;2138;
259;12H.;.;22;AM2-EXW-6-NPO+..;EXPRESS 12.........;T;.;SE;O;N;N;N;N;FR;1;13H.........;16;;............;P;2139;
260;12H.;.;22;AM2-EXW-6-HAZ+..;EXPRESS 12.........;T;.;SE;O;N;N;N;N;FR;1;13H.........;16;;............;P;2140;
261;12H.;.;22;AM2-COD+........;EXPRESS 12.........;T;.;SE;O;N;N;N;N;FR;1;13H.........;16;;............;P;2141;
262;12H.;.;22;AM2-COD-NPO+....;EXPRESS 12.........;T;.;SE;O;N;N;N;N;FR;1;13H.........;16;;............;P;2142;
263;12H.;.;22;AM2-COD-HAZ+....;EXPRESS 12.........;T;.;SE;O;N;N;N;N;FR;1;13H.........;16;;............;P;2143;
264;12H.;.;22;AM2-COD-6+......;EXPRESS 12.........;T;.;SE;O;N;N;N;N;FR;1;13H.........;16;;............;P;2144;
265;12H.;.;22;AM2-COD-6-NPO+..;EXPRESS 12.........;T;.;SE;O;N;N;N;N;FR;1;13H.........;16;;............;P;2145;
266;12H.;.;22;AM2-COD-6-HAZ+..;EXPRESS 12.........;T;.;SE;O;N;N;N;N;FR;1;13H.........;16;;............;P;2146;
267;12H.;.;22;AM2-SWAP+.......;EXPRESS 12.........;T;.;SE;O;N;N;N;N;FR;1;13H.........;16;;............;P;2147;
268;12H.;.;22;AM2-SWAP-HAZ+...;EXPRESS 12.........;T;.;SE;O;N;N;N;N;FR;1;13H.........;16;;............;P;2148;
269;12H.;.;22;AM2-SWAP-6+.....;EXPRESS 12.........;T;.;SE;O;N;N;N;N;FR;1;13H.........;16;;............;P;2149;
270;12H.;.;22;AM2-SWAP-6-HAZ+.;EXPRESS 12.........;T;.;SE;O;N;N;N;N;FR;1;13H.........;16;;............;P;2150;
271;....;.;40;SD..............;SAMED DAY..........;T;.;SE;O;N;N;N;N;FR;1;13H.........;16;;............;P;2151;
272;....;.;40;SD-HAZ..........;SAMED DAY..........;T;.;SE;O;N;N;N;N;FR;1;13H.........;16;;............;P;2152;
273;....;.;40;SD-EXW..........;SAMED DAY..........;T;.;SE;O;N;N;N;N;FR;1;13H.........;16;;............;P;2153;
274;....;.;40;SD-EXW-HAZ......;SAMED DAY..........;T;.;SE;O;N;N;N;N;FR;1;13H.........;16;;............;P;2154;
275;....;.;40;SD-COD..........;SAMED DAY..........;T;.;SE;O;N;N;N;N;FR;1;13H.........;16;;............;P;2155;
276;....;.;40;SD-COD-HAZ......;SAMED DAY..........;T;.;SE;O;N;N;N;N;FR;1;13H.........;16;;............;P;2156;
277;....;.;40;SD-SWAP.........;SAMED DAY..........;T;.;SE;O;N;N;N;N;FR;1;13H.........;16;;............;P;2157;
278;....;.;40;SD-SWAP-HAZ.....;SAMED DAY..........;T;.;SE;O;N;N;N;N;FR;1;13H.........;16;;............;P;2158;
279;....;.;40;SD-BACK.........;SAMED DAY..........;T;.;SE;O;N;N;N;N;FR;1;13H.........;16;;............;P;2159;
280;....;.;40;SD-HAZ-BACK.....;SAMED DAY..........;T;.;SE;O;N;N;N;N;FR;1;13H.........;16;;............;P;2160;
281;....;.;40;SD+.............;SAMED DAY..........;T;.;SE;O;N;N;N;N;FR;1;13H.........;16;;............;P;2161;
282;....;.;40;SD-HAZ+.........;SAMED DAY..........;T;.;SE;O;N;N;N;N;FR;1;13H.........;16;;............;P;2162;
283;....;.;40;SD-EXW+.........;SAMED DAY..........;T;.;SE;O;N;N;N;N;FR;1;13H.........;16;;............;P;2163;
284;....;.;14;SD-EXW-HAZ+.....;SAMED DAY..........;T;.;SE;O;N;N;N;N;FR;1;13H.........;16;;............;P;2164;
285;....;.;40;SD-COD+.........;SAMED DAY..........;T;.;SE;O;N;N;N;N;FR;1;13H.........;16;;............;P;2165;
286;....;.;40;SD-COD-HAZ+.....;SAMED DAY..........;T;.;SE;O;N;N;N;N;FR;1;13H.........;16;;............;P;2166;
287;....;.;40;SD-SWAP+........;SAMED DAY..........;T;.;SE;O;N;N;N;N;FR;1;13H.........;16;;............;P;2167;
288;....;.;40;SD-SWAP-HAZ+....;SAMED DAY..........;T;.;SE;O;N;N;N;N;FR;1;13H.........;16;;............;P;2168;
306;INT.;.;30;IE2-SWAP........;INTER EXPRESS SWAP.;T;.;SE;O;N;N;N;N;FR;1;13H.........;16;;............;P;2169;
307;INT.;.;30;IE2-SWAP-MPS....;INTER EXPRESS SWAP.;T;.;SE;O;N;N;N;N;FR;1;13H.........;16;;............;P;2170;
308;INT.;.;30;IE2-SWAP-6......;INTER EXPRESS SWAP.;T;.;SE;O;N;N;N;N;FR;1;13H.........;16;;............;P;2171;
309;INT.;.;30;IE2-SWAP-6-MPS..;INTER EXPRESS SWAP.;T;.;SE;O;N;N;N;N;FR;1;13H.........;16;;............;P;2172;
310;INT.;.;30;IE2-COD.........;INTER EXPRESS COD..;T;.;SE;O;N;N;N;N;FR;1;13H.........;16;;............;P;2173;
311;INT.;.;30;IE2-COD-MPS.....;INTER EXPRESS COD..;T;.;SE;O;N;N;N;N;FR;1;13H.........;16;;............;P;2174;
312;INT.;.;30;IE2-COD-6.......;INTER EXPRESS COD..;T;.;SE;O;N;N;N;N;FR;1;13H.........;16;;............;P;2175;
313;INT.;.;30;IE2-COD-6-MPS...;INTER EXPRESS COD..;T;.;SE;O;N;N;N;N;FR;1;13H.........;16;;............;P;2178;
325;18H.;.;10;PM2.............;IMPORT ICS.........;N;N;SE;O;N;O;O;N;JB;16;18H........;16;;IMPORT ICS...;P;2179;
326;18H.;.;10;PM2-NO..........;IMPORT ICS.........;N;N;SE;O;N;O;O;N;JB;16;18H........;16;;IMPORT ICS...;P;2179;
327;18H.;.;10;D-B2C...........;IMPORT B2C NORMAL..;O;N;SE;O;N;O;O;N;JB;0G;18H........;16;;B2C NORMAL PA;P;999;
328;18H.;X;10;D-B2C  .........;IMPORT B2C SMALL...;O;N;SE;O;N;O;O;N;JB;0G;18H........;16;;B2C SMALL PAR;P;999;
327;DPD.;.;1;D-B2C...........;TRANSIT B2C NORMAL.;O;I;SE;O;N;O;O;N;JF;0H;COM INT....;44;;B2C NORMAL PA;P;55;
328;DPD.;X;1;XD-B2C  .........;TRANSIT B2C SMALL..;O;I;SE;O;N;O;O;N;JF;0H;COM INT....;44;;B2C SMALL PAR;P;56;
331;18H.;.;1;D...............;PRODUIT 331........;N;I;SE;O;N;O;O;N;JB;2P;331 .......;97;;331..........;P;999;
331;DPD.;.;10;D...............;TRANSIT 331........;N;I;SE;O;N;O;O;N;JB;16;331 TRANSIT;97;;331 TRANSIT..;P;999;
332;DPD.;.;10;RETURN..........;IMPORT RETURN......;N;I;SE;O;N;O;O;N;JB;16;RET REL....;16;;RETURN B2C...;P;999;
332;18H.;.;1;RETURN..........;IMPORT RETURN......;N;N;SE;O;N;O;O;N;JB;3T;RET REL EU.;16;;RETURN B2C...;P;999;
101;18H.;.;1;D...............;IMPORT DPD CLA NORM;O;N;SE;O;N;O;O;N;JB;16;D-DPD18H...;16;;IMPORT.......;P;999;
136;18H.;X;1;D...............;IMPORT DPD CLA KLEI;O;N;SE;O;N;O;O;N;JB;16;D-DPD18H...;16;;IMPORT.......;P;999;
302;12H.;E;30;IE2.............;IMPORT EXPRES......;O;N;SE;O;N;O;O;N;FR;1;IMPORT.....;1;;IMPORT.......;P;999;
314;S9..;E;31;IE1.............;IMPORT EXPRESS.....;O;N;SE;O;O;O;O;N;EE;2;IMPORT.....;2;;IMPORT.......;P;999;
365;18H.;.;1;D...............;IMPORT DPD PNEU....;O;N;SE;O;N;O;O;N;JB;44;D-PNEU.....;16;;IMPORT.......;P;999;
366;18h.;.;1;D...............;IMPORT DPD PNEU.B2C;O;N;SE;O;N;O;O;N;JB;44;D-PNEU.....;16;;IMPORT.......;P;999;
999;OP..;.;10;PM2-BOX.........;BAG AM2............;O;.;SE;N;N;N;N;O;KK;1;BOX 13H....;1;;.............;P;999;
883;PG..;.;8;AM0-NO..........;CHRONO 8 NO IP.....;O;N;SE;O;O;O;O;N;EE;75;8H.........;20;;PROGRAMME....;P;701;
884;SAPG;.;8;AM0-6-NO........;CHRONO 8 SAM NO IP.;O;N;VE;O;O;O;O;N;EE;75;SA8........;620;;PROGRAMME SA.;O;702;
883;LUPG;.;8;AM0-NO..........;CHRONO 8 NO IP.....;S;N;VE;O;O;O;O;N;EE;75;LU8........;120;;PROGRAMME LU.;O;703;
883;PG..;.;8;AM0-NO..........;CHRONO 8 NO IP.....;O;N;SE;O;O;O;O;N;EE;75;8H.........;20;;PROGRAMME....;P;1501;
884;SAPG;.;8;AM0-6-NO........;CHRONO 8 SAM NO IP.;O;N;VE;O;O;O;O;N;EE;75;SA8........;620;;PROGRAMME SA.;O;1502;
883;LUPG;.;8;AM0-NO..........;CHRONO 8 NO IP.....;S;N;VE;O;O;O;O;N;EE;75;LU8........;120;;PROGRAMME LU.;O;1503;
885;PG..;.;9;AM3-NO..........;CHRONO 9 NO IP.....;O;N;SE;O;O;O;O;N;EE;76;9H.........;555;;PROGRAMME....;P;707;
886;SAPG;.;9;AM3-6-NO........;CHRONO 9 SAM NO IP.;O;N;VE;O;O;O;O;N;EE;76;SA9........;661;;PROGRAMME SA.;O;708;
885;LUPG;.;9;AM3-NO..........;CHRONO 9 NO IP.....;S;N;VE;O;O;O;O;N;EE;76;LU9........;161;;PROGRAMME LU.;O;709;
885;PG..;.;9;AM3-NO..........;CHRONO 9 NO IP.....;O;N;SE;O;O;O;O;N;EE;76;9H.........;555;;PROGRAMME....;P;1507;
886;SAPG;.;9;AM3-6-NO........;CHRONO 9 SAM NO IP.;O;N;VE;O;O;O;O;N;EE;76;SA9........;655;;PROGRAMME SA.;O;1508;
885;LUPG;.;9;AM3-NO..........;CHRONO 9 NO IP.....;S;N;VE;O;O;O;O;N;EE;76;LU9........;155;;PROGRAMME LU.;O;1509;
887;12H.;.;12;AM4-NO..........;CHRONO 12 NO IP....;O;N;SE;O;N;O;O;N;FR;77;12H........;555;;CHRONO 12....;P;711;
888;SA12;.;12;AM4-6-NO........;CHRONO 12 SAM NO IP;O;N;VE;O;N;O;O;N;FR;77;SA12.......;655;;CHRONO 12 SA.;O;712;
887;LU12;.;12;AM4-NO..........;CHRONO 12 NO IP....;S;N;VE;O;N;O;O;N;FR;77;LU12.......;155;;CHRONO 12 LU.;O;713;
889;PG..;R;..;AM0-SHOP-NO.....;CHRONO 8 RELAIS....;O;N;SE;O;O;O;O;N;EE;79;8H REL.....;555;;CHRONO 8 REL.;P;717;
890;SAPG;R;..;AM0-6-SHOP-NO...;CHRONO 8 RELAIS SAM;O;N;VE;O;O;O;O;N;EE;79;SA8 REL....;655;;CHRONO 8 SAR.;O;718;
889;LUPG;R;..;AM0-SHOP-NO.....;CHRONO 8 RELAIS....;S;N;VE;O;O;O;O;N;EE;79;LU8 REL....;155;;CHRONO 8 LUR.;O;719;
891;JOUR;.;..;SD..............;CHRONO J...........;O;N;SE;O;N;O;O;N;FR;J1;JOUR.......;555;;JOUR SAME DAY;P;999;
892;18H.;.;..;PM3.............;CHRONO SOIREE......;O;N;SE;O;N;O;O;N;JB;1Z;21H........;555;;21H..........;P;999;
892;LU18;.;..;PM3.............;CHRONO SOIREE......;S;N;VE;O;N;O;O;N;JB;1Z;LU21.......;155;;21H..........;O;999;
895;SOIR;.;..;SD2.............;CHRONO SOIREE S.DAY;O;N;SE;O;N;O;O;N;FR;J2;SOIR.......;555;;SOIR SAME DAY;P;999;
893;12H.;.;22;AM2-WSHOP-NO....;CHRONO 13 IN RELAIS;O;N;SE;O;N;O;O;N;FR;1T;13H........;555;;CHRONO 13....;P;815;
894;SA12;.;22;AM2-6-WSHOP-NO..;CHRONO 13 SA IN REL;O;N;VE;O;N;O;O;N;FR;1T;SA13.......;655;;CHRONO 13 SA.;O;816;
893;LU12;.;22;AM2-WSHOP-NO....;CHRONO 13 IN RELAIS;S;N;VE;O;N;O;O;N;FR;1T;LU13.......;155;;CHRONO 13 LU.;O;817;
;;;;;;;;;;;;;;;;;;;;;;
991;18H.;.;22;PM2-WSHOP-NO....;CHRONO 18 INS REL..;S;N;SE;O;N;O;O;N;JB;3Z;18H........;555;;18H IN RELAIS;P;845;
992;SA18;.;22;PM2-6-WSHOP-NO..;CHRONO 18 SA INSREL;S;N;VE;O;N;O;O;N;JB;3Z;SA18.......;655;;18H SA IN REL;O;846;
991;LU18;.;22;PM2-WSHOP-NO....;CHRONO 18 INS REL..;S;N;VE;O;N;O;O;N;JB;3Z;LU18.......;155;;18H IN RELAIS;O;847;
;;;;;;;;;;;;;;;;;;;;;;
;;;;;;;;;;;;;;;;;;;;;;
901;PG..;R;..;AM0-SHOP-NO.....;CHRONO 9 RELAIS....;O;N;SE;O;O;O;O;N;EE;80;9H REL.....;555;;CHRONO 9 REL.;P;934;
902;SAPG;R;..;AM0-6-SHOP-NO...;CHRONO 9 RELAIS SAM;O;N;VE;O;O;O;O;N;EE;80;SA9 REL....;655;;CHRONO 9 SAR.;O;935;
901;LUPG;R;..;AM0-SHOP-NO.....;CHRONO 9 RELAIS....;S;N;VE;O;O;O;O;N;EE;80;LU9 REL....;555;;CHRONO 9 LUR.;O;936;
903;PG..;R;..;AM0-SHOP-NO.....;CHRONO 10 RELAIS...;O;N;SE;O;O;O;O;N;EE;81;10H REL....;555;;CHRONO 10 REL;P;999;
904;SAPG;R;..;AM0-6-SHOP-NO...;CHRONO 10 RELAIS SA;O;N;VE;O;O;O;O;N;EE;81;SA10 REL...;655;;CHRONO 10 SAR;O;999;
903;LUPG;R;..;AM0-SHOP-NO.....;CHRONO 10 RELAIS...;S;N;VE;O;O;O;O;N;EE;81;LU10 REL...;155;;CHRONO 10 LUR;O;999;
905;12H.;R;..;AM4-SHOP-NO.....;CHRONO 12 RELAIS...;O;N;SE;O;N;O;O;N;FR;82;12H REL....;555;;CHRONO 12 REL;P;999;
906;SA12;R;..;AM4-6-SHOP-NO...;CHRONO 12 RELAIS SA;O;N;VE;O;N;O;O;N;FR;82;SA12 REL...;655;;CHRONO 12 SAR;O;999;
905;LU12;R;..;AM4-SHOP-NO.....;CHRONO 12 RELAIS...;S;N;VE;O;N;O;O;N;FR;82;LU12 REL...;555;;CHRONO 12 LUR;O;999;
910;12H.;E;30;IE2-DDU-3P-NO...;IMPORT DDU 3P......;O;N;SE;O;N;O;O;N;FR;1;IMPORT 39..;555;;IMPORT.......;P;999;
911;12H.;E;30;IE2-DDU-3P-NO...;IMP DDU 3P NON TAXE;O;N;SE;O;N;O;O;N;FR;1;IMPORT 39..;555;;IMPORT.......;P;999;
912;12H.;E;30;IE2-DDU-COD-3P-NO;IMPORT DDU 3P COD.;O;N;SE;O;N;O;O;N;FR;1;IMPORT 39..;555;;IMPORT.......;P;999;
913;12H.;E;30;IE2-DDU-3P-NO...;IMPORT DDU TAXE....;O;N;SE;O;N;O;O;N;FR;1;IMPORT 39..;555;;IMPORT 39....;P;999;
915;PG..;.;..;AM0-MED-NO......;CHRONO 8 MED.......;O;N;SE;O;O;O;O;N;EE;2A;C8 MED.....;555;;CHRONO 8 MED.;P;721;
916;SAPG;.;..;AM0-6-MED-NO....;CHRONO 8 MED SAM...;O;N;VE;O;O;O;O;N;EE;2A;SA8 MED....;655;;CHRONO 8 MED.;O;722;
915;LUPG;.;..;AM0-MED-NO......;CHRONO 8 MED.......;S;N;VE;O;O;O;O;N;EE;2A;LU8 MED....;155;;CHRONO 8 MED.;O;723;
917;PG..;.;..;AM0-MED-NO......;CHRONO 9 MED.......;O;N;SE;O;O;O;O;N;EE;2B;C9 MED.....;555;;CHRONO 9 MED.;P;727;
918;SAPG;.;..;AM0-6-MED-NO....;CHRONO 9 MED SAM...;O;N;VE;O;O;O;O;N;EE;2B;SA9 MED....;655;;CHRONO 9 MED.;O;728;
917;LUPG;.;..;AM0-MED-NO......;CHRONO 9 MED.......;S;N;VE;O;O;O;O;N;EE;2B;LU9 MED....;555;;CHRONO 9 MED.;O;729;
922;12H.;.;22;AM2-DESK-NO.....;LIVRAISON SERVI.NO.;O;N;SE;O;N;N;O;N;FR;1H;13H DESK...;555;;DESK 13H.....;P;825;
922;12H.;.;22;AM2-DESK-NO.....;LIVRAISON SERVI.NO.;O;N;SE;O;N;N;O;N;FR;1H;13H DESK...;555;;DESK 13H.....;P;826;
922;12H.;.;22;AM2-DESK-NO.....;LIVRAISON SERVI.NO.;O;N;SE;O;N;N;O;N;FR;1H;13H DESK...;555;;DESK 13H.....;P;827;
923;18H.;.;22;PM2-DESK-NO.....;LIVRAISON SERVI.NO.;O;N;SE;O;N;N;O;N;JB;1I;18H DESK...;555;;DESK 18H.....;P;835;
923;18H.;.;22;PM2-DESK-NO.....;LIVRAISON SERVI.NO.;O;N;SE;O;N;N;O;N;JB;1I;18H DESK...;555;;DESK 18H.....;P;836;
923;18H.;.;22;PM2-DESK-NO.....;LIVRAISON SERVI.NO.;O;N;SE;O;N;N;O;N;JB;1I;18H DESK...;155;;DESK 19H.....;P;837;
;;;;;;;;;;;;;;;;;;;;;;
955;S955;B;20;SD2-RDV2-FRESH..;RDV FRAIS SD 19 22.;O;N;SE;N;N;O;N;N;MJ;2P;J RDV FRESH;555;;RDV FRESH J..;P;653;
956;S956;B;22;SD2-RDV2-FREEZE.;RDV CONGE SD 19 22.;O;N;SE;N;N;O;N;N;MJ;2Q;J RDV FREEZ;555;;RDV FREEZ J..;P;655;
965;S965;B;22;SD2-6-RDV2-FRESH;RDV FRAIS SD SA 19.;O;N;VE;N;N;O;N;N;MJ;2P;J RDV FRESH;655;;RDV FRAIS SAJ;O;654;
966;S966;B;22;SD2-6-RDV2-FREEZ;RDV CONGE SD SA 19.;O;N;VE;N;N;O;N;N;MJ;2Q;J RDV FREEZ;655;;RDV CONGE SAJ;O;656;
;;;;;;;;;;;;;;;;;;;;;;
975;S975;V;22;AMO-RDV2-NO.....;CHRONO RDV 08-10...;O;N;SE;N;O;O;N;N;RV;2O;RDV........;555;;RDV..........;P;601;
976;S976;V;22;AM2-RDV2-NO.....;CHRONO RDV 10-18...;O;N;SE;N;N;O;N;N;RV;2O;RDV........;555;;RDV .........;P;611;
977;S977;V;22;PM3-RDV2-NO.....;CHRONO RDV 18-22...;O;N;SE;N;N;O;N;N;RV;2O;RDV........;555;;RDV..........;P;621;
978;S978;V;22;AMO-6-RDV2-NO...;CHRONO RDV 08-10 SA;O;N;VE;N;O;O;N;N;RV;2O;RDV SA.....;655;;SA RDV.......;O;602;
979;S979;V;22;AM2-6-RDV2-NO...;CHRONO RDV 10-13 SA;O;N;VE;N;N;O;N;N;RV;2O;RDV SA.....;655;;SA RDV.......;O;612;
982;S982;V;22;PM3-6-RDV2-NO...;CHRONO RDV 13 20 SA;O;N;VE;N;N;O;N;N;RV;2O;RDV SA.....;655;;SA RDV.......;O;622;
;;;;;;;;;;;;;;;;;;;;;;
;;;;;;;;;;;;;;;;;;;;;;
514;S514;D;22;AM2-7-RDV-NO....;RDV DIMANCHE.......;O;N;DI;N;N;O;N;N;RV;2O;RDV DIM....;555;;RDV DIMANCHE.;P;627;A02
514;S514;D;22;AM2-7-RDV-BAL...;DIMANCHE  BAL......;O;N;DI;N;N;O;N;N;DB;5A;DIM BAL....;555;;DIM BAL......;P;628;B34
;;;;;;;;;;;;;;;;;;;;;;
;;;;;;;;;;;;;;;;;;;;;;
973;S973;.;22;SD2-RDV2-NO.....;S DAY 18-22 RDV....;O;N;SE;N;N;O;N;N;MJ;4I;JOUR J.....;555;;SAME D 18-22.;P;651;
974;S974;.;22;SD2-6-RDV2-NO...;S DAY SA 18-20 RDV.;O;N;VE;N;N;O;N;N;MJ;4I;JOUR J SA..;655;;SAME D S 1820;O;652;
;;;;;;;;;;;;;;;;;;;;;;
986;S986;A;20;AM2-NO-FRESH....;FRAIS 12H..........;O;N;SE;N;O;O;N;N;VF;4V;FRESH 12...;555;;FRESH 12.....;P;607;
957;S957;A;22;AM2-NO-FRESH....;FRAIS 10 18........;O;N;SE;N;N;O;N;N;VF;2R;FRESH 13...;555;;FRESH 10 18..;P;617;
987;S987;A;20;AM2-6-NO-FRESH..;FRAIS 12H SA.......;O;N;SE;N;O;O;N;N;VF;4V;FRESH 12 SA;555;;FRESH 12 SA..;P;608;
967;S967;A;22;AM2-6-NO-FRESH..;FRAIS SAMEDI 13H 18;O;N;VE;N;N;O;N;N;VF;2R;FRESH 13 SA;655;;FRESH 13 SA..;O;618;
;;;;;;;;;;;;;;;;;;;;;;
989;S989;A;22;AM2-NO-FREEZE...;CONGELE 12H........;O;N;SE;N;O;O;N;N;VF;4W;FREEZE 12..;555;;FREEZE 102...;P;609;
958;S958;A;22;AM2-NO-FREEZE...;CONGELE 10 18......;O;N;SE;N;N;O;N;N;VF;2S;FREEZE 13..;555;;FREEZE 10 18.;P;619;
990;S990;A;22;AM2-6-NO-FREEZE.;CONGELE 12H SA.....;O;N;VE;N;O;O;N;N;VF;4W;FREEZE 12SA;655;;FREEZE 12 SA.;0;610;
968;S968;A;22;AM2-6-NO-FREEZE.;CONGELE SAMED 13 18;O;N;VE;N;N;O;N;N;VF;2S;FREEZE 13 S;655;;FREEZE 13H SA;O;620;
;;;;;;;;;;;;;;;;;;;;;;
;;;;;;;;;;;;;;;;;;;;;;
959;S959;B;21;AM0-RDV2-FRES-NO;FRAIS RDV 8 10.....;O;N;SE;N;O;O;N;N;VF;2E;RDV FRESH..;555;;FRESH RDV....;P;603;
960;S960;B;22;AM2-RDV2-FRES-NO;FRAIS RDV 10 18....;O;N;SE;N;N;O;N;N;VF;2E;RDV FRESH..;555;;FRESH RDV....;P;613;
961;S961;B;22;PM3-RDV2-FRES-NO;FRAIS RDV 18 22....;O;N;SE;N;N;O;N;N;VF;2E;RDV FRESH..;555;;FRESH RDV....;P;623;
;;;;;;;;;;;;;;;;;;;;;;
969;S969;B;22;AM0-6-RDV2-FRESH;FRAIS RDV 8H SA....;O;N;VE;N;O;O;N;N;VF;2E;RDV FRESH SA;655;;RDVFRESH SA.;O;604;
970;S970;B;22;AM2-6-RDV2-FRESH;FRAIS RDV 10 SA....;O;N;VE;N;N;O;N;N;VF;2E;RDV FRESH SA;655;;RDVFRESH SA.;O;614;
985;S985;B;22;PM3-6-RDV2-FRESH;FRAIS RDV 13 SA....;O;N;VE;N;N;O;N;N;VF;2E;RDV FRESH SA;655;;RDVFRESH SA.;O;624;
;;;;;;;;;;;;;;;;;;;;;;
;;;;;;;;;;;;;;;;;;;;;;
962;S962;B;20;AM0-RDV2-FREE-NO;CONGELE RDV 8 10...;O;N;SE;N;O;O;N;N;VF;2F;RDV FREEZE.;555;;FREEZE RDV...;P;605;
963;S963;B;22;AM2-RDV2-FREE-NO;CONGELE RDV 10 18..;O;N;SE;N;N;O;N;N;VF;2F;RDV FREEZE.;555;;FREEZE RDV...;P;615;
964;S964;B;22;PM3-RDV2-FREE-NO;CONGELE RDV 18 22..;O;N;SE;N;N;O;N;N;VF;2F;RDV FREEZE.;555;;FREEZE RDV...;P;625;
;;;;;;;;;;;;;;;;;;;;;;
971;S971;B;20;AM0-6-RDV2-FREEZ;CONGEL RDV 8H SA...;O;N;VE;N;O;O;N;N;VF;2F;RDV FREEZ SA;655;;RDVFREEZE SA;O;606;
972;S972;B;22;AM2-6-RDV2-FREEZ;CONGEL RDV 10 SA...;O;N;VE;N;N;O;N;N;VF;2F;RDV FREEZ SA;655;;RDVFREEZE SA;O;616;
988;S988;B;22;PM3-6-RDV2-FREEZ;CONGEL RDV 13 SA...;O;N;VE;N;N;O;N;N;VF;2F;RDV FREEZ SA;655;;RDVFREEZE SA;O;626;
;;;;;;;;;;;;;;;;;;;;;;
;;;;;;;;;;;;;;;;;;;;;;
980;18H.;R;22;PM2-SH0P-NO.....;CHRONO RELAIS 16...;S;O;SE;N;N;N;N;N;JB;2Z;18H REL....;555;;Chrono Relais;P;999;
981;SA18;R;22;PM2-6-SH0P-NO...;CHRONO RELAIS 16 SA;S;O;VE;N;N;N;N;N;JB;2Z;SA18 REL...;655;;ChronI Relais;O;999;
980;LU18;R;22;PM2-SH0P-NO.....;CHRONO RELAIS 16...;S;O;VE;N;N;N;N;N;JB;2Z;LU18 REL...;555;;Chrono Relais;O;999;
;;;;;;;;;;;;;;;;;;;;;;
983;12H.;V;22;PM3-6-RDV2-SWAP-;SWAP RDV SA 13 18..;O;N;VE;N;N;N;N;N;RV;3W;SWAP RDV SA;655;;SWAP RDJ SA..;O;999;
984;12H.;.;22;SD2-6-RDV2-SWAP-;SWAP RDV SD SA18 20;O;N;VE;N;N;N;N;N;MJ;3V;SWAP JOU SA;655;;SWAP RDV SA J;O;999;
;;;;;;;;;;;;;;;;;;;;;;
947;12H.;.;22;SD2-RDV2-SWAP...;SWAP SAME DAY 19 20;O;N;SE;N;N;N;N;N;MJ;3V;SWAP RDV SA;555;;SWAP RDJ.....;P;999;
948;12H.;V;22;PM3-RDV2-SWAP...;SWAP RDV 18 22.....;O;N;SE;N;N;N;N;N;RV;3W;SWAP RDV SA;555;;SWAP RDV.....;P;999;
949;S9..;V;22;AM0-RDV2-SWAP...;SWAP RDV 8 10......;O;N;SE;N;N;N;N;N;RV;3W;SWAP RDV SA;555;;SWAP RDV ....;P;999;
950;S9..;V;22;AMO-6-RDV2-SWAP.;SWAP RDV SA 8 10...;O;N;VE;N;N;N;N;N;RV;3W;SWAP RDV SA;655;;SWAP RDV SA..;P;999;
951;12H.;V;22;AM2-RDV2-SWAP...;SWAP RDV 10 18.....;O;N;SE;N;N;N;N;N;RV;3W;SWAP RDV SA;555;;SWAP RDV ....;P;999;
952;SA12;V;22;AM2-6-RDV2-SWAP-;SWAP RDV SA 10 13..;O;N;VE;N;N;N;N;N;RV;3W;SWAP RDV SA;655;;SWAP RDV SA..;P;999;
;;;;;;;;;;;;;;;;;;;;;;
;;;;;;;;;;;;;;;;;;;;;;
368;INT.;E;30;IE2-PSD.........;RELAIS DOM.........;O;I;SE;O;N;O;O;N;FR;4P;REL DOM...;555;;REL DOM.......;P;999;
369;INT.;R;30;IE2-6-PSD.......;RELAIS DOM SAMEDI..;O;I;SE;O;N;O;O;N;FR;4P;REL DOM SA;655;;REL DOM SA....;P;999;
370;S370;.;22;ECOD............;CHRONO DIRECT......;O;I;SE;O;N;O;O;N;FR;4Q;CHR DIR...;555;;CHR DIRECT....;P;999;
;;;;;;;;;;;;;;;;;;;;;;
;;;;;;;;;;;;;;;;;;;;;;
885;S9..;.;9;AM0-NO..........;REV 9 NO IP........;O;N;SE;O;O;O;O;N;RR;4R;9H........;555;;REVERSE 9.....;P;999;
886;SAS9;.;9;AM0-6-NO........;REV 9 SAM NO IP....;O;N;VE;O;O;O;O;N;RR;4R;SA9.......;655;;REVERSE SA9...;O;999;
885;LUS9;.;9;AM0-NO..........;REV 9 NO IP........;S;N;VE;O;O;O;O;N;RR;4R;LU9.......;155;;REVERSE LU9...;O;999;
180;S9..;.;21;AM1-NO..........;REV NO.............;S;N;SE;O;O;O;N;N;RR;4S;10H.......;555;;REVERSE 10....;P;999;
183;SAS9;.;21;AM1-6-NO........;REV SAMEDI NO......;S;N;VE;O;O;O;N;N;RR;4S;SA10......;655;;REVERSE SA10..;O;999;
180;LUS9;.;21;AM1-NO..........;REV LUNDI NO.......;S;N;VE;O;O;O;N;N;RR;4S;LU10......;155;;REVERSE LU10..;O;999;
898;12H.;.;22;AM2-NO..........;REV NO.............;S;N;SE;O;N;O;N;N;RR;4T;13H.......;555;;REVERSE 13....;P;999;
896;SA12;.;22;AM2-6-NO........;REV SAMEDI NO......;S;N;VE;O;N;O;N;N;RR;4T;SA13......;655;;REVERSE SA13..;O;999;
898;LU12;.;22;AM2-NO..........;REV LUNDI NO.......;S;N;VE;O;N;O;N;N;RR;4T;LU13......;155;;REVERSE LU13..;O;999;
835;18H.;.;10;PM2-NO..........;REV NPO............;S;N;SE;O;N;O;N;N;RR;4U;18H.......;555;;REVERSE 18....;P;999;
834;SA18;.;10;PM2-6-NO........;REV SAMEDI NO......;S;N;VE;O;N;O;N;N;RR;4U;SA18......;655;;REVERSE SA18..;O;999;
835;LU18;.;10;PM2-NO..........;REV LUNDI NO.......;S;N;VE;O;N;O;N;N;RR;4U;LU18......;155;;REVERSE LU18..;O;999;
;;;;;;;;;;;;;;;;;;;;;;
;;;;;;;;;;;;;;;;;;;;;;
;;;;;;;;;;;;;;;;;;;;;;
112;S112;A;22;D-FRESH.........;FROID IMPORT.......;O;.;SE;O;N;N;N;N;VF;4X;FRESH 13H.;555;;FRESH 13H IMP.;P;999;
114;S114;A;22;D-RETURN-FRESH..;FROID RETURN.......;O;.;SE;O;N;N;N;N;VF;4X;FRESH 13 R;555;;FRESH 13 RET..;P;999;
;;;;;;;;;;;;;;;;;;;;;;
112;DPD.;A;22;D-FRESH.........;FROID EXPORT.......;O;I;SE;O;N;O;O;N;VF;4X;FRESH CLA.;555;;FRESH 13H EXPO;P;999;
114;DPD.;A;22;D-RETURN-FRESH..;FROID RETURN EXPORT;O;I;SE;O;N;O;O;N;VF;4X;FRESH 13 R;555;;FRESH 13 RET..;P;999;
